,person,#Camino,#pasos_antes_comprar,primera_actividad,modelos_vistos,modelos_distintos,sku_distintos,primera_actividad_ultimo_paso,ultima_actividad,# Actividades,label
4,000c79fe,0,17,2,3.0,1.0,1.0,2,2,17,0.0
16,0019e639,2,7,123,5.0,1.0,5.0,9,9,471,0.0
42,003476c0,0,43,107,6.0,2.0,3.0,107,19,43,1.0
50,003d4cac,0,8,69,2.0,2.0,2.0,69,35,8,1.0
51,003dd965,0,5,15,0.0,0.0,0.0,15,15,5,1.0
55,0042421c,0,22,90,10.0,5.0,8.0,90,51,22,1.0
62,004ed8ba,1,74,93,23.0,12.0,17.0,52,6,228,0.0
77,006671fd,0,18,33,15.0,5.0,11.0,33,33,18,1.0
103,008bb884,0,146,13,126.0,23.0,68.0,13,13,146,0.0
131,00beac49,0,23,15,9.0,3.0,5.0,15,13,23,0.0
163,00f49191,0,165,23,117.0,46.0,67.0,23,0,165,0.0
217,0143d796,0,24,2,18.0,3.0,13.0,2,2,24,1.0
269,018774cf,0,41,8,12.0,5.0,8.0,8,6,41,0.0
308,01c6281f,0,19,22,6.0,6.0,6.0,22,22,19,0.0
325,01ed2afc,0,7,9,4.0,1.0,3.0,9,9,7,1.0
353,021e1312,0,4,1,1.0,1.0,1.0,1,1,4,0.0
362,0225aa7c,0,12,41,1.0,1.0,1.0,41,16,12,0.0
375,023039b3,0,49,87,37.0,4.0,20.0,87,14,49,0.0
405,026b4007,0,4,9,1.0,1.0,1.0,9,9,4,0.0
448,02875920,0,29,57,7.0,3.0,6.0,57,7,29,1.0
449,0287661f,0,69,25,30.0,9.0,16.0,25,13,69,0.0
472,02aa734f,0,14,2,3.0,1.0,1.0,2,2,14,0.0
475,02ac4fca,0,8,148,1.0,1.0,1.0,148,148,8,0.0
490,02c3960c,1,2,15,1.0,1.0,1.0,15,15,7,0.0
578,0343534b,0,1,10,0.0,0.0,0.0,10,10,1,0.0
604,0366a065,0,12,12,3.0,1.0,2.0,12,11,12,0.0
610,03754d73,0,37,48,1.0,1.0,1.0,48,5,37,1.0
616,037c8a2b,0,16,4,6.0,1.0,2.0,4,3,16,0.0
668,03c2bb80,0,118,9,71.0,15.0,38.0,9,8,118,0.0
676,03c99f07,0,43,2,6.0,3.0,5.0,2,0,43,1.0
690,03db7c49,2,2,1,0.0,0.0,0.0,1,1,5,1.0
720,0404e68f,0,168,70,80.0,12.0,45.0,70,12,168,1.0
738,041dc456,0,8,15,5.0,1.0,2.0,15,15,8,1.0
747,042bd446,0,83,44,65.0,7.0,36.0,44,15,83,0.0
774,043ec736,1,324,102,99.0,38.0,65.0,64,31,568,1.0
793,0457712f,2,2,111,1.0,1.0,1.0,5,5,89,1.0
882,04b93eba,0,16,12,3.0,2.0,3.0,12,12,16,0.0
883,04bbc907,0,343,113,213.0,22.0,66.0,113,37,343,1.0
893,04cfe908,0,81,5,11.0,6.0,6.0,5,5,81,0.0
895,04d2d0ee,0,23,75,10.0,3.0,5.0,75,12,23,1.0
934,052078d1,0,41,120,29.0,1.0,11.0,120,43,41,1.0
968,05473316,0,29,14,8.0,3.0,5.0,14,13,29,0.0
974,054b4d4b,0,15,11,5.0,1.0,3.0,11,9,15,0.0
982,05596145,0,68,7,37.0,5.0,11.0,7,1,68,1.0
1002,0582076c,0,318,71,110.0,14.0,57.0,71,7,318,0.0
1035,05b22e4c,0,129,123,46.0,30.0,38.0,123,1,129,1.0
1053,05d9ceb0,2,43,113,2.0,1.0,1.0,107,35,124,1.0
1056,05e135bf,1,7,71,0.0,0.0,0.0,71,28,8,0.0
1074,0601784e,2,18,44,3.0,3.0,3.0,12,11,224,1.0
1139,067d0506,0,11,4,4.0,2.0,4.0,4,4,11,0.0
1160,06904f81,0,58,3,36.0,6.0,22.0,3,3,58,0.0
1180,06a557be,0,148,6,90.0,16.0,54.0,6,5,148,0.0
1186,06aeda65,0,8,27,3.0,2.0,3.0,27,27,8,1.0
1202,06c4d812,0,3,7,0.0,0.0,0.0,7,7,3,0.0
1244,06eeb3e7,2,85,25,24.0,6.0,14.0,17,0,125,1.0
1271,071dabb9,0,9,35,6.0,1.0,5.0,35,35,9,1.0
1274,071e79e1,0,31,15,18.0,5.0,12.0,15,6,31,1.0
1287,073e697a,0,39,49,7.0,3.0,7.0,49,13,39,1.0
1332,07932a1f,0,16,6,3.0,1.0,3.0,6,5,16,0.0
1348,07aabe67,0,634,139,452.0,30.0,191.0,139,2,634,1.0
1351,07ab5c99,2,77,48,24.0,6.0,14.0,10,1,113,0.0
1373,07cdc12c,1,250,136,100.0,9.0,50.0,134,1,276,1.0
1422,0803cc15,0,14,11,9.0,2.0,6.0,11,11,14,0.0
1436,0812bda0,1,209,91,121.0,28.0,73.0,90,82,227,1.0
1437,08145396,0,33,16,13.0,10.0,11.0,16,16,33,0.0
1439,08176776,0,51,103,20.0,7.0,13.0,103,10,51,1.0
1457,08343c0e,2,20,149,16.0,5.0,15.0,2,2,75,1.0
1461,083845b6,0,26,3,4.0,2.0,3.0,3,2,26,0.0
1470,084482af,0,53,24,20.0,9.0,14.0,24,2,53,1.0
1577,08d6fdf9,0,138,34,92.0,33.0,51.0,34,24,138,0.0
1640,09412658,0,8,0,1.0,1.0,1.0,0,0,8,1.0
1702,09a62e36,0,10,2,3.0,2.0,3.0,2,2,10,0.0
1704,09a78ec5,0,16,11,4.0,2.0,2.0,11,9,16,1.0
1708,09adf503,0,149,16,99.0,13.0,50.0,16,2,149,1.0
1713,09b4d769,0,14,11,2.0,2.0,2.0,11,6,14,0.0
1724,09d0e523,0,236,29,149.0,20.0,70.0,29,1,236,1.0
1731,09de733b,0,9,3,3.0,1.0,2.0,3,3,9,0.0
1747,09eb8d77,2,46,7,16.0,4.0,8.0,5,4,77,1.0
1902,0aacf315,1,8,47,0.0,0.0,0.0,28,22,65,1.0
1958,0ae8b154,0,3,3,1.0,1.0,1.0,3,3,3,1.0
1967,0af42006,0,155,64,117.0,22.0,67.0,64,2,155,1.0
1976,0b006825,0,10,1,4.0,1.0,3.0,1,1,10,0.0
1980,0b0577c3,0,7,16,1.0,1.0,1.0,16,16,7,0.0
1990,0b18bd7d,0,10,0,7.0,2.0,6.0,0,0,10,0.0
2047,0b6e513f,0,5,1,1.0,1.0,1.0,1,1,5,0.0
2082,0b9bb6bb,0,525,13,454.0,21.0,130.0,13,2,525,0.0
2132,0be3f5e5,2,136,86,48.0,19.0,37.0,60,49,460,1.0
2154,0c00db19,0,15,0,4.0,1.0,2.0,0,0,15,1.0
2175,0c25fbec,0,56,9,32.0,8.0,19.0,9,5,56,0.0
2177,0c27b8a4,0,32,104,6.0,5.0,5.0,104,3,32,0.0
2194,0c409b3e,0,14,1,7.0,2.0,5.0,1,1,14,0.0
2231,0c962c1c,0,12,28,2.0,2.0,2.0,28,12,12,1.0
2268,0cdb1b24,1,206,13,79.0,17.0,59.0,12,7,232,0.0
2279,0ceb448c,0,4,2,1.0,1.0,1.0,2,2,4,0.0
2314,0d1af2db,0,21,0,17.0,5.0,15.0,0,0,21,1.0
2320,0d25019c,0,16,14,4.0,1.0,1.0,14,10,16,0.0
2373,0d68d38e,3,13,48,7.0,5.0,6.0,1,1,119,1.0
2376,0d6f5cd2,0,47,10,33.0,7.0,17.0,10,7,47,1.0
2384,0d79ae9e,0,8,1,5.0,1.0,2.0,1,1,8,1.0
2411,0da5ecfc,2,292,40,186.0,21.0,60.0,28,0,501,1.0
2437,0dc7138f,0,128,1,82.0,22.0,43.0,1,0,128,1.0
2439,0dcccdff,0,15,10,8.0,3.0,6.0,10,10,15,0.0
2454,0deed6ff,0,25,5,5.0,1.0,3.0,5,0,25,0.0
2531,0e79007c,0,13,49,4.0,2.0,2.0,49,4,13,0.0
2550,0e9e5344,0,69,12,37.0,8.0,22.0,12,5,69,1.0
2551,0e9effd8,0,44,132,21.0,3.0,12.0,132,130,44,1.0
2568,0eb1161a,0,19,88,10.0,1.0,7.0,88,0,19,0.0
2570,0eb715ae,0,54,83,15.0,3.0,10.0,83,13,54,1.0
2624,0ef7f297,0,83,65,30.0,4.0,15.0,65,7,83,0.0
2641,0f16c676,0,13,46,1.0,1.0,1.0,46,46,13,1.0
2659,0f2e59a4,0,4,22,0.0,0.0,0.0,22,22,4,0.0
2664,0f337b7b,0,106,33,72.0,14.0,61.0,33,0,106,0.0
2691,0f5326d6,0,97,34,41.0,10.0,20.0,34,2,97,0.0
2699,0f5caeb3,0,53,3,21.0,13.0,18.0,3,2,53,0.0
2702,0f5f453f,0,6,9,2.0,1.0,2.0,9,9,6,0.0
2714,0f6c7452,1,7,15,1.0,1.0,1.0,0,0,46,0.0
2784,0fe5d58d,0,37,5,13.0,10.0,12.0,5,2,37,0.0
2785,0fe8e51e,0,34,30,2.0,2.0,2.0,30,11,34,1.0
2792,0ff026f5,0,9,76,3.0,3.0,3.0,76,72,9,1.0
2817,1010bade,2,10,128,6.0,3.0,6.0,0,0,200,0.0
3021,10ff5b8b,0,9,13,3.0,1.0,3.0,13,13,9,1.0
3072,113e002f,0,85,14,52.0,9.0,25.0,14,1,85,0.0
3081,114f8401,0,4,10,1.0,1.0,1.0,10,10,4,0.0
3095,116d247b,0,17,12,2.0,1.0,1.0,12,12,17,0.0
3136,11b247a4,0,125,14,64.0,8.0,20.0,14,10,125,1.0
3185,11e6d47a,2,10,9,0.0,0.0,0.0,7,1,23,0.0
3190,11e8a164,0,39,52,11.0,3.0,6.0,52,1,39,1.0
3194,11ebd529,0,52,36,32.0,9.0,17.0,36,2,52,1.0
3205,120c29d3,0,9,0,3.0,1.0,3.0,0,0,9,1.0
3231,123e6920,2,1,90,0.0,0.0,0.0,2,2,152,1.0
3233,123fde23,1,42,142,16.0,8.0,11.0,140,21,105,1.0
3270,127018aa,0,13,1,5.0,3.0,4.0,1,1,13,0.0
3278,1279bda8,0,50,107,27.0,7.0,20.0,107,42,50,1.0
3283,127d042d,0,73,7,42.0,5.0,13.0,7,1,74,0.0
3298,12901e4c,0,4,5,1.0,1.0,1.0,5,5,4,0.0
3327,12c99e0c,0,6,10,2.0,1.0,2.0,10,10,6,1.0
3344,12db1140,0,2,94,0.0,0.0,0.0,94,94,2,1.0
3352,12e7a320,0,33,140,9.0,2.0,8.0,140,0,33,1.0
3395,1329ee05,0,17,34,2.0,2.0,2.0,34,4,17,0.0
3397,132bda83,0,24,13,11.0,2.0,8.0,13,13,24,1.0
3407,133f4086,0,26,44,7.0,3.0,5.0,44,34,26,1.0
3422,134ece02,0,22,9,9.0,2.0,4.0,9,8,22,0.0
3557,140376d0,0,26,15,18.0,3.0,10.0,15,14,26,1.0
3630,145fc7c1,0,38,40,6.0,5.0,5.0,40,3,38,0.0
3663,14a041b1,0,21,18,4.0,3.0,3.0,18,5,21,1.0
3684,14b26f9d,0,38,115,25.0,2.0,16.0,115,115,38,1.0
3685,14b2bbfd,0,32,16,20.0,3.0,18.0,16,16,32,0.0
3692,14ba67bf,2,16,21,1.0,1.0,1.0,15,6,45,1.0
3727,14fb3669,0,22,1,11.0,4.0,9.0,1,1,22,1.0
3730,15018eb5,0,13,15,8.0,2.0,5.0,15,15,13,0.0
3752,1517be31,0,19,3,14.0,4.0,9.0,3,3,19,1.0
3773,15371e31,0,14,3,0.0,0.0,0.0,3,1,14,0.0
3796,155872cd,0,41,130,30.0,6.0,21.0,130,1,41,0.0
3798,155b32a9,0,22,16,4.0,2.0,4.0,16,15,22,0.0
3896,15c99b91,0,46,7,17.0,6.0,10.0,7,3,46,1.0
3901,15d35ec5,0,12,2,7.0,4.0,4.0,2,2,12,1.0
3907,15de4f10,0,22,95,6.0,1.0,5.0,95,95,22,1.0
3971,16319654,0,30,9,15.0,6.0,10.0,9,9,31,1.0
3994,164fa3da,5,135,91,10.0,7.0,8.0,70,23,201,1.0
4037,168871d5,1,40,42,15.0,4.0,12.0,21,14,124,1.0
4083,16be962e,0,24,10,8.0,1.0,5.0,10,2,24,0.0
4108,16d99d33,0,27,1,9.0,5.0,5.0,1,1,27,0.0
4157,171e75cb,1,340,88,274.0,21.0,95.0,37,0,1212,1.0
4180,1744d596,0,34,1,11.0,8.0,10.0,1,0,34,0.0
4206,175db121,0,12,29,8.0,2.0,5.0,29,17,12,1.0
4224,177bc00b,0,101,25,69.0,17.0,38.0,25,6,101,1.0
4226,177f1298,0,277,82,83.0,21.0,43.0,82,2,277,1.0
4240,179ae39f,1,6,10,3.0,1.0,3.0,10,10,68,1.0
4277,17d77bfa,0,29,19,17.0,4.0,16.0,19,3,29,0.0
4328,1812d821,1,27,134,12.0,2.0,7.0,21,9,177,0.0
4337,181cfff7,0,20,2,5.0,2.0,5.0,2,1,20,1.0
4351,1836c63e,0,4,31,0.0,0.0,0.0,31,31,4,1.0
4358,18489dd5,0,1567,32,1052.0,40.0,282.0,32,0,1567,0.0
4397,1881d0d9,0,30,28,8.0,4.0,6.0,28,16,30,0.0
4412,189c451b,0,77,50,44.0,15.0,31.0,50,13,77,1.0
4416,18a1de79,0,139,5,108.0,11.0,43.0,5,0,139,0.0
4450,18c22471,0,6,2,1.0,1.0,1.0,2,2,6,0.0
4468,18e77b0a,0,100,6,68.0,8.0,27.0,6,0,100,1.0
4492,18f39a0c,0,251,42,218.0,32.0,88.0,42,2,251,1.0
4502,1906223e,0,26,71,7.0,4.0,6.0,71,38,26,0.0
4568,196292f4,0,10,7,0.0,0.0,0.0,7,7,10,1.0
4575,196fe7a8,0,32,20,14.0,6.0,11.0,20,15,32,0.0
4594,197a619e,0,8,68,1.0,1.0,1.0,68,20,8,1.0
4598,1983a9a0,0,28,3,12.0,5.0,11.0,3,3,28,0.0
4621,199cf3c4,2,25,9,7.0,4.0,6.0,5,2,168,1.0
4646,19c5639a,0,28,4,18.0,8.0,12.0,4,2,28,0.0
4666,19ed4344,0,199,17,81.0,9.0,36.0,17,0,200,1.0
4669,19f17086,0,20,1,9.0,2.0,7.0,1,1,20,1.0
4710,1a3bf2d4,0,171,2,130.0,9.0,36.0,2,1,171,0.0
4716,1a426f5d,0,49,11,38.0,3.0,12.0,11,11,49,0.0
4722,1a4c9f43,0,176,47,155.0,13.0,47.0,47,20,176,0.0
4832,1adba253,0,37,20,13.0,5.0,12.0,20,18,37,1.0
4850,1af68b74,0,26,123,9.0,5.0,9.0,123,122,26,1.0
4856,1b015f6a,0,11,5,0.0,0.0,0.0,5,5,11,0.0
4868,1b17b334,0,3,103,1.0,1.0,1.0,103,103,3,1.0
4887,1b2f9e9a,0,8,1,2.0,1.0,1.0,1,1,8,0.0
4915,1b40a753,0,15,11,6.0,3.0,5.0,11,11,15,0.0
4928,1b59ca78,0,240,115,193.0,22.0,103.0,115,0,240,1.0
4946,1b743501,0,28,23,7.0,6.0,6.0,23,9,28,1.0
4949,1b7918eb,0,4,8,1.0,1.0,1.0,8,8,4,0.0
4978,1bb0e8cc,0,4,15,1.0,1.0,1.0,15,15,4,0.0
4991,1bc7f14b,0,35,6,11.0,3.0,9.0,6,0,35,1.0
5006,1bd6991e,0,30,41,6.0,5.0,5.0,41,27,30,1.0
5011,1be6a8c9,0,28,57,3.0,3.0,3.0,57,54,28,1.0
5014,1beb21db,1,43,14,10.0,3.0,7.0,13,0,306,0.0
5029,1bf887bc,0,23,57,11.0,5.0,6.0,57,0,23,1.0
5070,1c3a4e83,0,115,20,46.0,15.0,20.0,20,1,115,1.0
5095,1c6dd51b,0,174,9,125.0,11.0,37.0,9,0,174,1.0
5116,1c8c689c,0,107,2,83.0,23.0,45.0,2,0,107,1.0
5186,1cfa87f1,1,6,79,0.0,0.0,0.0,79,78,20,1.0
5194,1d17c5d8,0,4,12,1.0,1.0,1.0,12,12,4,0.0
5197,1d1b36e2,0,19,2,8.0,3.0,5.0,2,2,19,0.0
5201,1d1c03d6,3,170,102,59.0,19.0,39.0,48,3,371,0.0
5202,1d1d6619,0,5,16,1.0,1.0,1.0,16,16,5,0.0
5206,1d23c0b6,0,28,15,12.0,5.0,10.0,15,5,28,0.0
5232,1d4a4b80,0,7,14,3.0,1.0,2.0,14,14,7,0.0
5272,1d9eb251,0,43,11,8.0,6.0,6.0,11,6,43,1.0
5278,1daab2a9,0,48,49,33.0,5.0,19.0,49,3,48,1.0
5322,1dec914f,0,88,35,76.0,13.0,42.0,35,27,89,1.0
5340,1e0be7fa,1,5,14,1.0,1.0,1.0,13,13,18,0.0
5341,1e0d9fa0,0,68,14,38.0,15.0,23.0,14,2,68,1.0
5376,1e32ded5,2,0,79,0.0,0.0,0.0,79,79,13,1.0
5388,1e44bfab,0,12,10,5.0,1.0,4.0,10,8,12,0.0
5394,1e4ea058,0,8,4,1.0,1.0,1.0,4,4,8,0.0
5459,1eab3f70,0,22,29,11.0,4.0,8.0,29,29,22,1.0
5468,1ebc08dc,0,61,1,43.0,9.0,25.0,1,1,61,0.0
5480,1ec269af,0,12,2,0.0,0.0,0.0,2,2,12,0.0
5495,1ee47671,0,57,2,8.0,2.0,5.0,2,1,57,0.0
5499,1ee88eac,0,20,24,7.0,3.0,7.0,24,23,20,1.0
5517,1f0f306a,0,16,4,2.0,1.0,1.0,4,4,16,0.0
5540,1f35ba0f,0,82,10,67.0,17.0,45.0,10,4,82,0.0
5571,1f62dcbc,0,55,73,27.0,5.0,20.0,73,1,55,1.0
5589,1f7f4cf4,0,103,6,80.0,19.0,52.0,6,0,103,1.0
5632,1fd5c0ed,0,20,56,6.0,5.0,5.0,56,14,20,1.0
5669,1ff3326b,0,22,14,13.0,3.0,8.0,14,13,22,0.0
5672,1ff942ab,0,11,7,6.0,4.0,5.0,7,7,11,0.0
5692,2025929e,0,65,15,16.0,6.0,12.0,15,5,65,0.0
5699,203297ab,0,4,145,1.0,1.0,1.0,145,145,4,1.0
5744,205d9c1a,2,36,27,12.0,2.0,3.0,23,14,65,1.0
5761,20780e7c,0,28,7,3.0,1.0,2.0,7,2,28,0.0
5773,208c392a,0,73,10,23.0,8.0,12.0,10,1,73,0.0
5782,20950506,0,216,19,107.0,33.0,67.0,19,0,216,1.0
5791,20aa5848,0,22,0,13.0,7.0,10.0,0,0,22,0.0
5825,20dadf21,0,2,1,1.0,1.0,1.0,1,1,2,1.0
5840,20f4576f,0,7,14,2.0,1.0,1.0,14,14,7,0.0
5845,20f602c7,0,29,1,22.0,8.0,17.0,1,0,29,1.0
5862,210fd6d9,0,4,51,0.0,0.0,0.0,51,51,4,1.0
5865,21130ceb,0,46,27,29.0,5.0,18.0,27,24,46,1.0
5880,2127f4a2,0,4,0,1.0,1.0,1.0,0,0,4,0.0
5916,214c95b5,0,6,22,2.0,1.0,1.0,22,16,6,1.0
5990,21c84dde,0,10,16,3.0,1.0,1.0,16,16,10,0.0
6016,21f5eeda,0,13,1,4.0,2.0,3.0,1,0,13,1.0
6017,21f67ee5,0,3,47,1.0,1.0,1.0,47,47,3,1.0
6019,21fa5f58,0,381,120,125.0,19.0,46.0,120,0,381,0.0
6035,221aba7e,0,125,3,96.0,26.0,66.0,3,3,125,0.0
6046,2231c156,0,39,6,23.0,2.0,11.0,6,6,39,0.0
6082,2260ca72,0,6,1,2.0,2.0,2.0,1,1,6,1.0
6097,227b105c,0,47,2,16.0,8.0,9.0,2,2,47,0.0
6099,2280ebc0,0,153,25,73.0,21.0,37.0,25,1,153,1.0
6101,22831d56,0,10,5,3.0,1.0,2.0,5,5,11,1.0
6136,22b0bd67,1,2,20,0.0,0.0,0.0,20,20,45,1.0
6140,22b9085f,0,341,11,197.0,29.0,82.0,11,6,341,1.0
6155,22cfc3f5,0,127,133,72.0,12.0,37.0,133,4,127,1.0
6181,22f7466d,0,10,3,1.0,1.0,1.0,3,3,10,1.0
6189,230a2666,0,75,14,37.0,12.0,32.0,14,2,75,0.0
6193,230f09a6,0,177,9,125.0,4.0,25.0,9,0,177,1.0
6230,234a8e4d,0,175,24,81.0,14.0,21.0,24,1,175,1.0
6359,23f4684f,0,24,2,14.0,5.0,11.0,2,2,24,0.0
6372,24120769,0,6,7,2.0,2.0,2.0,7,7,6,1.0
6397,2437be17,0,44,16,11.0,7.0,9.0,16,16,44,0.0
6405,243ff512,0,2,2,0.0,0.0,0.0,2,2,2,0.0
6418,244f7dc1,0,39,13,26.0,6.0,22.0,13,13,39,0.0
6445,246441c1,0,28,16,12.0,7.0,10.0,16,16,28,0.0
6475,2486de05,1,98,44,50.0,4.0,18.0,27,3,136,1.0
6486,249d5815,0,32,6,17.0,7.0,9.0,6,1,32,0.0
6492,24a4f478,0,119,8,98.0,6.0,44.0,8,1,119,0.0
6495,24aaa37f,0,3,22,1.0,1.0,1.0,22,22,3,1.0
6501,24b515a9,0,22,27,9.0,6.0,6.0,27,26,22,1.0
6504,24bb3db1,0,4,3,1.0,1.0,1.0,3,3,4,0.0
6520,24cd912d,0,28,0,13.0,10.0,10.0,0,0,28,1.0
6553,2501a39b,0,29,0,26.0,3.0,16.0,0,0,29,1.0
6628,2576d981,0,56,73,25.0,18.0,21.0,73,65,56,1.0
6685,25cb8185,1,2,59,1.0,1.0,1.0,1,1,148,1.0
6701,25e4a370,0,3,0,1.0,1.0,1.0,0,0,3,1.0
6713,25f1be5b,0,7,1,1.0,1.0,1.0,1,1,7,0.0
6716,25f9cfad,0,18,104,4.0,2.0,3.0,104,84,18,0.0
6718,25fbb562,0,8,14,2.0,1.0,1.0,14,14,8,0.0
6739,2613f3bc,0,42,8,16.0,4.0,11.0,8,8,42,0.0
6751,26232807,0,28,137,9.0,5.0,7.0,137,5,28,1.0
6756,2625f275,2,6,8,3.0,1.0,2.0,8,8,18,0.0
6762,262b3e36,0,8,5,5.0,1.0,3.0,5,5,8,0.0
6813,265fdee2,0,20,6,10.0,2.0,5.0,6,3,20,0.0
6852,26a30a4a,1,6,3,1.0,1.0,1.0,1,1,52,1.0
6935,27258fd2,0,17,84,0.0,0.0,0.0,84,29,17,1.0
6966,2743f13d,0,177,43,65.0,21.0,35.0,43,0,177,1.0
6992,277b9384,0,6,1,2.0,1.0,1.0,1,1,6,0.0
7017,27a92445,0,181,109,97.0,24.0,63.0,109,59,181,0.0
7020,27af297a,0,60,69,14.0,4.0,7.0,69,1,60,0.0
7083,27fad1f8,0,80,30,32.0,9.0,21.0,30,10,80,0.0
7142,287e1708,0,4,1,1.0,1.0,1.0,1,1,4,0.0
7143,287f650e,0,43,1,13.0,7.0,10.0,1,1,43,0.0
7194,28c9ec04,0,11,10,2.0,1.0,1.0,10,3,11,1.0
7195,28ca0f71,0,49,62,11.0,2.0,7.0,62,9,49,0.0
7197,28ceac01,0,306,127,232.0,11.0,84.0,127,0,306,1.0
7271,291dee84,0,20,5,4.0,2.0,3.0,5,4,20,0.0
7345,298272c5,0,8,8,2.0,1.0,1.0,8,8,8,1.0
7355,298d0f29,0,12,13,6.0,2.0,5.0,13,13,12,0.0
7360,299c30ea,1,48,106,8.0,2.0,6.0,24,14,63,0.0
7392,29d22a95,0,11,2,5.0,1.0,3.0,2,2,11,0.0
7432,2a0915c7,1,31,3,0.0,0.0,0.0,3,1,71,0.0
7479,2a4f3215,0,19,12,7.0,1.0,4.0,12,12,19,0.0
7546,2ab41c62,0,6,2,1.0,1.0,1.0,2,0,6,1.0
7606,2b0d53b8,0,4,2,1.0,1.0,1.0,2,2,4,0.0
7607,2b0d7dc5,0,207,63,168.0,36.0,108.0,63,0,207,1.0
7611,2b11fb75,0,112,19,109.0,16.0,68.0,19,1,112,1.0
7630,2b31ea60,0,24,6,12.0,1.0,3.0,6,1,24,1.0
7637,2b37944f,0,7,3,4.0,1.0,3.0,3,3,7,0.0
7646,2b466fe9,0,99,19,58.0,7.0,22.0,19,0,99,1.0
7681,2b7ea8eb,0,24,35,5.0,2.0,2.0,35,8,24,1.0
7686,2b81e8f3,1,39,56,22.0,2.0,7.0,17,7,171,1.0
7706,2b9def4b,0,75,59,11.0,9.0,9.0,59,5,75,1.0
7727,2bb8a9df,0,303,42,54.0,11.0,22.0,42,0,303,1.0
7747,2bcfec5d,0,32,19,11.0,3.0,8.0,19,0,32,0.0
7771,2be96406,0,11,10,5.0,1.0,3.0,10,9,11,0.0
7773,2beebaf4,0,26,8,10.0,1.0,7.0,8,8,26,0.0
7788,2c050c68,1,118,48,10.0,3.0,7.0,45,7,208,1.0
7834,2c65602f,0,30,42,10.0,3.0,4.0,42,20,30,0.0
7864,2c862e4f,0,49,5,23.0,16.0,18.0,5,4,49,0.0
7916,2cc41526,0,59,2,38.0,7.0,12.0,2,1,59,1.0
7923,2cce0cc0,0,18,12,7.0,1.0,5.0,12,0,18,1.0
7924,2ccf04cb,0,8,16,3.0,2.0,3.0,16,9,8,0.0
7927,2cd4e2f4,0,12,38,5.0,2.0,3.0,38,26,12,1.0
7947,2cecac92,0,6,13,1.0,1.0,1.0,13,13,6,0.0
7964,2d08dd34,0,48,6,8.0,4.0,8.0,6,1,48,0.0
7981,2d255736,1,4,1,2.0,1.0,2.0,1,0,136,1.0
8003,2d554f7a,0,5,38,0.0,0.0,0.0,38,38,5,1.0
8007,2d5f1c1c,0,16,10,3.0,2.0,2.0,10,1,16,0.0
8010,2d656991,0,16,6,10.0,4.0,7.0,6,5,16,0.0
8018,2d6b0831,0,14,50,7.0,1.0,5.0,50,50,14,1.0
8035,2d7e4962,0,3,36,1.0,1.0,1.0,36,36,3,1.0
8054,2d99ad11,4,1,120,0.0,0.0,0.0,0,0,465,1.0
8075,2dc3d9fe,0,25,28,13.0,3.0,8.0,28,16,25,1.0
8080,2dca52a1,0,46,8,9.0,4.0,4.0,8,4,46,0.0
8081,2dcb1213,0,24,11,14.0,2.0,7.0,11,9,24,0.0
8106,2df16287,0,12,2,1.0,1.0,1.0,2,2,12,0.0
8134,2e225ac4,0,52,18,15.0,1.0,2.0,18,13,52,0.0
8145,2e2c29aa,0,22,67,7.0,3.0,6.0,67,38,22,1.0
8147,2e2dbf54,0,18,3,3.0,2.0,3.0,3,3,18,1.0
8150,2e3529ce,0,52,13,21.0,11.0,17.0,13,2,52,1.0
8162,2e47f0d3,0,14,19,4.0,2.0,3.0,19,19,14,0.0
8185,2e65d3b5,1,69,65,39.0,10.0,29.0,65,5,84,1.0
8196,2e6b90f4,0,6,47,2.0,2.0,2.0,47,12,6,1.0
8197,2e6bea91,0,17,0,4.0,3.0,3.0,0,0,17,0.0
8198,2e6c7f91,0,20,0,12.0,6.0,6.0,0,0,20,1.0
8217,2e8d8f21,0,55,13,32.0,17.0,25.0,13,0,55,1.0
8238,2ebaa905,0,18,15,11.0,3.0,9.0,15,10,18,0.0
8266,2ef18263,0,28,13,6.0,5.0,5.0,13,0,28,0.0
8272,2ef544bf,0,68,29,45.0,4.0,32.0,29,11,68,0.0
8301,2f20b2b8,0,4,0,2.0,1.0,2.0,0,0,4,1.0
8320,2f41a167,0,40,7,20.0,7.0,15.0,7,0,40,1.0
8326,2f46cdbe,2,13,11,5.0,3.0,4.0,9,8,204,1.0
8342,2f5940aa,4,47,10,3.0,1.0,3.0,8,1,253,1.0
8367,2f729bc3,2,364,94,170.0,43.0,87.0,17,0,845,1.0
8404,2fa35c11,0,27,9,5.0,4.0,4.0,9,3,27,0.0
8410,2fa955fd,1,30,92,5.0,3.0,4.0,88,9,120,1.0
8415,2fb01372,0,31,114,15.0,3.0,9.0,114,26,31,1.0
8446,2fd6b983,1,2,0,0.0,0.0,0.0,0,0,22,0.0
8447,2fd838dd,0,48,3,27.0,7.0,15.0,3,0,48,0.0
8452,2fe07773,0,23,8,7.0,5.0,7.0,8,1,23,1.0
8477,2ff5c798,0,34,14,9.0,4.0,8.0,14,6,34,1.0
8546,30519e4f,0,2,4,0.0,0.0,0.0,4,4,2,0.0
8567,3094bbf6,0,197,7,116.0,6.0,35.0,7,0,197,1.0
8607,30ec9daf,0,803,149,423.0,32.0,120.0,149,0,803,0.0
8650,3131d12e,0,24,12,11.0,4.0,9.0,12,12,24,0.0
8668,314a09b2,0,34,15,22.0,3.0,16.0,15,3,34,0.0
8715,317ee51e,1,5,5,3.0,1.0,1.0,4,0,26,0.0
8717,317f4638,0,45,7,15.0,5.0,9.0,7,0,45,1.0
8720,318441a7,0,8,1,4.0,1.0,3.0,1,1,8,1.0
8803,31fd117b,0,38,12,14.0,6.0,11.0,12,3,38,1.0
8862,32429e44,0,19,16,14.0,9.0,12.0,16,16,19,0.0
8883,32664374,1,6,2,1.0,1.0,1.0,2,1,18,1.0
8887,326a36d7,0,5,0,1.0,1.0,1.0,0,0,5,0.0
8888,326ae8bf,0,55,60,32.0,11.0,17.0,60,53,55,1.0
8896,327aecf8,0,117,12,30.0,6.0,20.0,12,3,117,0.0
8992,32fb6722,0,20,22,5.0,2.0,5.0,22,15,20,0.0
9020,3322a5b8,0,8,1,2.0,1.0,1.0,1,1,8,0.0
9063,334dd132,0,64,8,44.0,7.0,35.0,8,6,64,0.0
9093,337b588f,0,11,8,5.0,2.0,3.0,8,1,11,0.0
9104,33889817,0,228,23,116.0,36.0,75.0,23,0,228,0.0
9111,338c1ebd,0,41,5,25.0,7.0,17.0,5,5,41,1.0
9133,33aec140,0,140,59,56.0,7.0,29.0,59,0,140,1.0
9203,34206db5,0,11,8,2.0,2.0,2.0,8,2,11,0.0
9225,3440cf26,0,7,16,2.0,2.0,2.0,16,16,7,0.0
9228,3447b82b,0,37,3,30.0,8.0,19.0,3,2,37,0.0
9275,3487708d,1,16,32,3.0,1.0,3.0,22,2,67,1.0
9308,34c139ce,2,4,63,1.0,1.0,1.0,55,55,97,1.0
9324,34d8145b,0,7,5,2.0,1.0,2.0,5,5,7,0.0
9325,34d81f7a,0,2,41,0.0,0.0,0.0,41,41,2,1.0
9335,34e84a87,0,107,28,48.0,10.0,22.0,28,6,107,1.0
9341,34eb4d5c,0,79,2,68.0,8.0,31.0,2,1,79,0.0
9367,351dfeeb,0,73,46,24.0,10.0,19.0,46,12,73,0.0
9402,354eef96,0,37,6,32.0,6.0,17.0,6,6,37,0.0
9408,3555ffb9,0,67,77,23.0,7.0,11.0,77,31,67,1.0
9442,358bef18,0,106,35,66.0,10.0,45.0,35,0,106,0.0
9475,35c50367,0,33,11,16.0,3.0,9.0,11,0,33,0.0
9481,35d67987,0,30,3,22.0,4.0,11.0,3,3,30,0.0
9512,35f76317,0,9,9,4.0,2.0,4.0,9,9,9,0.0
9621,36893613,0,23,2,10.0,5.0,6.0,2,2,23,0.0
9641,36a5e013,0,4,83,1.0,1.0,1.0,83,83,4,1.0
9673,36c7b956,0,7,8,1.0,1.0,1.0,8,8,7,0.0
9675,36c88400,1,4,0,1.0,1.0,1.0,0,0,10,0.0
9701,36ed4114,1,174,13,66.0,31.0,45.0,13,5,229,1.0
9710,36ef2e5f,0,250,14,204.0,12.0,59.0,14,1,250,1.0
9748,371e154e,0,11,3,2.0,1.0,1.0,3,3,11,1.0
9774,37464b87,3,6,78,0.0,0.0,0.0,22,21,54,1.0
9776,3746d260,0,29,34,7.0,4.0,7.0,34,22,29,1.0
9794,37623c49,0,4,9,1.0,1.0,1.0,9,9,4,0.0
9796,3764203f,0,4,1,1.0,1.0,1.0,1,1,4,0.0
9803,376b9d26,0,12,17,10.0,2.0,9.0,17,17,12,1.0
9815,377de8ad,0,41,9,30.0,4.0,20.0,9,9,41,0.0
9827,378a8645,0,4,1,1.0,1.0,1.0,1,1,4,1.0
9843,379c6cfd,0,59,15,28.0,8.0,22.0,15,2,59,1.0
9861,37b406cf,0,21,2,5.0,5.0,5.0,2,2,21,0.0
9873,37d89dbb,0,293,7,167.0,40.0,96.0,7,1,293,1.0
9883,37e98fe5,0,85,64,54.0,10.0,34.0,64,4,85,1.0
9887,37f1c724,0,200,149,62.0,7.0,32.0,149,12,200,0.0
9963,387b60b0,0,12,8,6.0,2.0,5.0,8,8,12,1.0
9975,3888b7bc,0,255,36,213.0,7.0,68.0,36,4,255,0.0
10024,38c4dfda,4,59,89,1.0,1.0,1.0,87,5,77,1.0
10040,38db2ba0,2,22,47,6.0,2.0,4.0,14,8,285,0.0
10048,38e823e3,0,35,3,17.0,5.0,9.0,3,3,35,0.0
10059,38f6c529,0,27,0,7.0,2.0,5.0,0,0,27,0.0
10071,390735bf,0,31,8,12.0,1.0,8.0,8,8,31,0.0
10103,39336331,0,6,26,1.0,1.0,1.0,26,23,6,0.0
10116,3942da6b,0,123,20,66.0,28.0,45.0,20,2,123,1.0
10154,39749fe3,1,1,4,0.0,0.0,0.0,4,4,24,0.0
10197,39bb486a,0,26,25,6.0,3.0,4.0,25,8,26,0.0
10212,39cc7b17,0,78,32,52.0,9.0,31.0,32,24,78,1.0
10241,39f002ac,0,43,36,40.0,7.0,31.0,36,36,43,0.0
10265,3a18c589,0,3,14,0.0,0.0,0.0,14,14,3,0.0
10279,3a28806a,0,8,5,2.0,1.0,1.0,5,5,8,0.0
10284,3a31bf2b,0,262,58,97.0,19.0,49.0,58,44,262,0.0
10311,3a60a800,0,128,75,72.0,12.0,37.0,75,3,128,1.0
10340,3a8aecb6,0,22,63,6.0,3.0,4.0,63,2,22,1.0
10343,3a9351c4,0,14,2,7.0,2.0,5.0,2,2,14,0.0
10396,3ae2bb6e,0,51,7,37.0,3.0,25.0,7,7,51,0.0
10406,3af60bb5,0,150,50,52.0,18.0,30.0,50,0,150,1.0
10416,3b01658a,0,96,129,12.0,5.0,9.0,129,58,96,1.0
10443,3b30b12c,0,59,28,19.0,8.0,10.0,28,3,59,1.0
10551,3bd2bd0b,0,25,13,16.0,10.0,10.0,13,11,25,0.0
10553,3bd55b47,0,33,24,11.0,4.0,5.0,24,5,33,0.0
10573,3bf6381d,0,34,18,15.0,6.0,10.0,18,14,34,1.0
10593,3c0a6e24,0,65,9,47.0,7.0,20.0,9,4,65,0.0
10639,3c3b4ad8,0,76,7,44.0,15.0,26.0,7,1,76,1.0
10643,3c478ca4,0,2,11,1.0,1.0,1.0,11,11,2,0.0
10644,3c49ff98,0,9,37,2.0,2.0,2.0,37,37,9,1.0
10653,3c5d28e4,0,178,9,116.0,5.0,32.0,9,2,178,0.0
10664,3c6bbf87,0,13,8,7.0,1.0,4.0,8,8,13,0.0
10717,3cc204af,0,27,13,17.0,5.0,11.0,13,13,27,0.0
10729,3ccaec55,0,33,8,10.0,5.0,8.0,8,8,33,0.0
10739,3cd434ec,1,421,80,361.0,36.0,139.0,42,2,1480,1.0
10744,3cdacf12,0,14,8,8.0,1.0,5.0,8,8,14,0.0
10752,3ce7f009,0,11,15,4.0,1.0,2.0,15,1,11,0.0
10757,3ceb7bd8,0,96,27,24.0,4.0,10.0,27,0,96,1.0
10817,3d29d1f9,0,6,7,1.0,1.0,1.0,7,7,6,0.0
10853,3d549e56,0,30,14,14.0,5.0,9.0,14,14,30,0.0
10860,3d6633f5,0,34,0,6.0,3.0,3.0,0,0,34,0.0
10885,3d89013c,0,270,11,146.0,6.0,57.0,11,0,270,0.0
10904,3daa14cb,0,13,4,4.0,2.0,2.0,4,1,13,0.0
10939,3dd5965c,0,4,13,1.0,1.0,1.0,13,13,4,0.0
10947,3de50385,0,10,26,4.0,1.0,2.0,26,26,10,1.0
10959,3df942ac,0,7,12,1.0,1.0,1.0,12,12,8,0.0
11009,3e463646,0,26,3,11.0,5.0,7.0,3,2,26,0.0
11018,3e53a568,0,24,23,2.0,2.0,2.0,23,10,24,0.0
11042,3e7085c4,0,89,29,74.0,16.0,50.0,29,9,89,1.0
11057,3e89226c,0,30,67,8.0,7.0,8.0,67,3,30,1.0
11061,3e8ba2eb,0,4,6,1.0,1.0,1.0,6,6,4,0.0
11090,3eb9c2af,0,63,67,22.0,6.0,10.0,67,5,63,0.0
11091,3eb9e1b2,0,29,80,14.0,3.0,8.0,80,11,29,0.0
11095,3ebd1dbd,0,33,21,9.0,4.0,6.0,21,11,33,0.0
11144,3f099fe1,0,26,0,20.0,2.0,10.0,0,0,26,0.0
11146,3f0a5d11,0,23,2,15.0,3.0,10.0,2,1,23,0.0
11161,3f15358e,0,50,114,30.0,6.0,17.0,114,89,50,1.0
11179,3f36f53e,2,26,124,2.0,2.0,2.0,6,1,85,1.0
11182,3f41b801,0,21,90,7.0,2.0,4.0,90,57,21,1.0
11204,3f5b1d4e,2,99,66,79.0,23.0,50.0,10,0,160,0.0
11213,3f672e6f,0,17,9,5.0,1.0,3.0,9,9,17,0.0
11223,3f722ffd,0,72,3,23.0,4.0,15.0,3,0,72,1.0
11227,3f778dc5,0,42,7,28.0,2.0,12.0,7,6,42,1.0
11247,3f8ab465,0,17,10,8.0,3.0,5.0,10,10,17,0.0
11273,3fb260e3,0,71,34,20.0,12.0,17.0,34,0,71,1.0
11275,3fb60210,0,35,12,22.0,8.0,17.0,12,0,35,1.0
11372,4039370a,2,2,12,1.0,1.0,1.0,11,11,28,0.0
11440,409e9924,0,4,7,0.0,0.0,0.0,7,7,4,0.0
11442,40a68b39,0,226,42,139.0,24.0,63.0,42,3,226,1.0
11484,40dcf703,0,409,83,293.0,34.0,120.0,83,1,409,0.0
11514,40fe616c,1,65,137,8.0,4.0,7.0,126,21,106,1.0
11540,41169133,0,88,13,60.0,12.0,39.0,13,1,88,1.0
11560,412c10b7,0,299,133,137.0,33.0,75.0,133,0,299,1.0
11561,412c80d5,0,47,7,22.0,4.0,12.0,7,0,47,1.0
11576,4143f639,0,65,19,25.0,7.0,17.0,19,13,65,0.0
11586,4154ffae,0,38,23,14.0,7.0,14.0,23,6,38,1.0
11599,4167535c,0,40,63,7.0,2.0,6.0,63,19,40,1.0
11676,41cbe4f3,0,40,57,15.0,8.0,10.0,57,57,40,1.0
11700,41f0717f,0,20,23,11.0,3.0,10.0,23,23,20,1.0
11709,4202bf6d,0,24,11,20.0,4.0,19.0,11,11,24,1.0
11710,42045acb,0,15,27,2.0,1.0,1.0,27,5,15,1.0
11788,4276d5de,0,428,88,129.0,17.0,46.0,88,0,428,1.0
11800,4283f064,5,34,1,30.0,14.0,25.0,0,0,315,1.0
11821,42934000,0,23,31,12.0,2.0,6.0,31,20,23,1.0
11846,42bae9c8,0,310,11,212.0,32.0,98.0,11,6,310,0.0
11850,42bf141b,0,36,70,12.0,4.0,4.0,70,5,36,0.0
11890,42f9aa5b,0,30,6,22.0,13.0,15.0,6,6,30,0.0
11922,431e9d79,0,178,85,41.0,4.0,17.0,85,32,178,0.0
11936,433d799f,0,66,29,36.0,7.0,21.0,29,0,66,1.0
11980,43790d8f,0,76,13,62.0,21.0,47.0,13,2,76,1.0
12022,43a9e70f,1,426,72,276.0,36.0,108.0,68,0,548,1.0
12035,43b77600,0,2,8,0.0,0.0,0.0,8,8,2,1.0
12111,4434c510,0,83,2,44.0,9.0,26.0,2,2,83,0.0
12137,445b333c,3,12,4,1.0,1.0,1.0,3,0,39,1.0
12140,4463dc28,0,111,84,40.0,6.0,26.0,84,3,111,1.0
12147,44699b60,3,140,148,97.0,12.0,36.0,13,0,510,1.0
12159,447b11d0,0,8,7,1.0,1.0,1.0,7,7,8,0.0
12185,44a0af1c,1,349,55,95.0,20.0,64.0,55,7,350,1.0
12194,44af3a96,0,6,9,3.0,1.0,2.0,9,9,6,0.0
12247,44ef34f4,0,12,28,2.0,1.0,1.0,28,28,12,1.0
12257,44fd5bd1,0,44,62,30.0,11.0,16.0,62,55,44,1.0
12267,4504bef1,3,270,105,155.0,16.0,77.0,22,1,611,1.0
12272,450e5656,0,10,5,4.0,3.0,3.0,5,5,10,0.0
12317,45422088,0,103,36,63.0,7.0,22.0,36,36,103,1.0
12337,455e23a9,0,16,131,5.0,5.0,5.0,131,37,16,1.0
12353,456ead1b,0,138,41,100.0,20.0,66.0,41,2,138,1.0
12379,45a1fa0d,0,19,11,7.0,4.0,5.0,11,10,19,1.0
12380,45a66d74,0,336,107,165.0,25.0,83.0,107,0,336,1.0
12446,45faa529,0,8,11,2.0,1.0,1.0,11,11,8,0.0
12455,46028156,0,49,23,25.0,2.0,13.0,23,6,49,0.0
12456,46052a08,0,45,9,26.0,3.0,11.0,9,9,45,0.0
12474,46301a92,0,38,74,29.0,8.0,25.0,74,0,38,0.0
12476,4631c444,0,39,9,22.0,4.0,16.0,9,9,39,0.0
12480,4636ee0e,0,5,3,1.0,1.0,1.0,3,3,6,1.0
12497,4646796c,0,8,57,2.0,1.0,2.0,57,35,8,1.0
12518,46615e00,0,86,7,49.0,19.0,42.0,7,7,86,0.0
12524,466971f2,0,16,22,5.0,3.0,4.0,22,1,16,0.0
12535,467dff6b,0,94,52,61.0,14.0,37.0,52,2,94,1.0
12568,46af4cd0,1,97,39,7.0,7.0,7.0,37,16,153,1.0
12577,46c17010,0,60,9,47.0,6.0,30.0,9,6,60,1.0
12586,46cacfef,0,4,2,1.0,1.0,1.0,2,2,4,0.0
12592,46d4d96c,0,4,10,0.0,0.0,0.0,10,10,4,1.0
12638,4746e83a,0,16,2,5.0,3.0,3.0,2,1,16,0.0
12646,4750b544,0,10,0,4.0,1.0,3.0,0,0,10,0.0
12655,4759b4df,0,43,13,16.0,4.0,12.0,13,6,43,1.0
12693,4794e226,0,4,8,0.0,0.0,0.0,8,8,4,0.0
12728,47c33c75,0,151,55,48.0,10.0,27.0,55,0,151,1.0
12737,47dd797a,0,117,41,99.0,6.0,37.0,41,1,117,0.0
12767,48071045,0,384,26,157.0,29.0,69.0,26,0,384,1.0
12773,4811a025,0,76,85,32.0,13.0,21.0,85,23,76,0.0
12808,48488f7d,0,136,12,71.0,7.0,37.0,12,0,136,1.0
12843,48716370,11,15,15,12.0,2.0,12.0,1,1,184,1.0
12864,48971f23,0,95,135,21.0,8.0,14.0,135,29,95,1.0
12888,48b8d544,0,15,10,9.0,6.0,8.0,10,10,15,0.0
12952,49179d29,0,6,0,2.0,1.0,2.0,0,0,6,1.0
12973,493c61c9,0,4,27,1.0,1.0,1.0,27,27,4,0.0
12977,493f068a,0,408,140,141.0,45.0,91.0,140,31,408,1.0
12985,49450622,0,9,0,7.0,1.0,2.0,0,0,9,0.0
13016,496ef3e5,4,21,78,6.0,4.0,6.0,56,7,35,1.0
13018,49735701,0,9,2,5.0,1.0,2.0,2,2,9,0.0
13063,49a6b3e8,0,10,13,5.0,1.0,2.0,13,13,10,0.0
13121,49f21d44,0,69,1,49.0,11.0,32.0,1,1,69,0.0
13155,4a16b28f,0,160,2,129.0,8.0,47.0,2,0,160,0.0
13187,4a473eb7,0,89,65,50.0,5.0,24.0,65,1,89,1.0
13203,4a635360,3,2,77,0.0,0.0,0.0,1,1,386,1.0
13221,4a78636f,0,26,72,10.0,2.0,6.0,72,9,26,1.0
13232,4a915ec2,0,158,8,108.0,11.0,45.0,8,3,158,1.0
13244,4aa455af,0,2,8,0.0,0.0,0.0,8,8,2,0.0
13295,4aeb5dda,0,98,146,38.0,6.0,29.0,146,28,98,1.0
13299,4af42d32,0,15,1,5.0,1.0,3.0,1,1,15,0.0
13315,4b0d4a9b,0,133,86,70.0,24.0,54.0,86,58,133,1.0
13373,4b4ddb26,0,22,125,8.0,2.0,4.0,125,11,22,0.0
13439,4ba571a1,0,12,30,4.0,3.0,4.0,30,2,12,1.0
13453,4bbdeabc,0,1,0,0.0,0.0,0.0,0,0,1,0.0
13464,4bc8b017,0,10,12,6.0,1.0,4.0,12,12,10,0.0
13476,4bdad615,2,8,8,1.0,1.0,1.0,8,2,32,0.0
13500,4bf8e237,0,57,2,36.0,8.0,24.0,2,1,57,1.0
13507,4c002b61,0,17,46,6.0,4.0,6.0,46,46,17,1.0
13526,4c196c48,0,30,37,16.0,3.0,7.0,37,37,30,1.0
13548,4c2f2c48,0,90,7,45.0,7.0,21.0,7,0,90,0.0
13569,4c507fb2,0,34,2,11.0,3.0,7.0,2,2,34,0.0
13592,4c7747ce,2,10,7,3.0,2.0,2.0,3,3,126,0.0
13597,4c8128b6,0,78,17,38.0,2.0,20.0,17,13,78,0.0
13623,4c98af9f,0,4,0,1.0,1.0,1.0,0,0,4,0.0
13630,4cad42fd,0,14,13,1.0,1.0,1.0,13,13,14,1.0
13678,4cf80018,0,27,137,6.0,3.0,6.0,137,4,27,1.0
13695,4d149696,0,277,65,235.0,10.0,101.0,65,12,277,1.0
13716,4d2f1297,0,24,0,18.0,7.0,15.0,0,0,24,1.0
13749,4d6695e3,0,28,119,12.0,4.0,11.0,119,13,28,1.0
13771,4d840674,0,78,23,33.0,14.0,22.0,23,9,78,0.0
13802,4db921d5,0,7,10,2.0,2.0,2.0,10,10,7,0.0
13811,4dc46a0f,0,20,13,10.0,4.0,8.0,13,5,20,0.0
13828,4dd513b3,2,204,90,61.0,17.0,36.0,84,1,378,1.0
13843,4de2479a,2,9,91,4.0,3.0,4.0,2,2,122,1.0
13853,4de7aafe,0,68,7,64.0,6.0,30.0,7,7,68,0.0
13886,4e1b149b,0,18,1,12.0,4.0,7.0,1,1,18,0.0
13890,4e248048,0,15,13,10.0,2.0,7.0,13,13,15,0.0
13900,4e32793f,0,51,6,14.0,5.0,10.0,6,0,51,0.0
13902,4e378c4a,0,12,7,6.0,2.0,4.0,7,7,12,0.0
13930,4e560208,7,22,142,13.0,5.0,11.0,16,1,185,1.0
13947,4e64394b,0,70,12,54.0,4.0,15.0,12,3,70,1.0
13972,4e8103d8,0,66,13,36.0,6.0,13.0,13,9,66,1.0
13981,4e92d872,0,28,45,9.0,2.0,4.0,45,12,28,0.0
13984,4e949fde,0,18,34,7.0,3.0,4.0,34,3,18,1.0
13986,4e9559c9,0,42,17,8.0,1.0,3.0,17,7,42,0.0
14001,4ea94b7f,0,4,5,1.0,1.0,1.0,5,5,4,0.0
14002,4ead4504,0,95,0,40.0,8.0,21.0,0,0,95,1.0
14012,4eb59872,0,17,7,3.0,1.0,2.0,7,7,17,0.0
14016,4ebb61f8,0,57,78,24.0,4.0,20.0,78,55,57,1.0
14044,4ee533ee,0,89,34,16.0,11.0,13.0,34,19,89,1.0
14048,4eec4b16,0,15,10,9.0,5.0,6.0,10,9,15,1.0
14120,4f6ed55f,0,30,37,14.0,8.0,12.0,37,10,30,0.0
14135,4f8419ab,0,131,10,62.0,13.0,28.0,10,6,131,0.0
14147,4fa197d9,0,66,22,30.0,2.0,13.0,22,13,66,0.0
14176,4fd0c917,0,659,90,540.0,41.0,169.0,90,0,659,0.0
14196,4fe68a28,1,24,0,4.0,2.0,4.0,0,0,25,1.0
14270,50367875,0,53,10,41.0,15.0,24.0,10,9,53,1.0
14276,503c2327,0,29,13,9.0,3.0,6.0,13,10,29,0.0
14429,505a0310,0,28,5,21.0,8.0,18.0,5,5,28,1.0
14430,505b39f3,0,6,0,3.0,1.0,1.0,0,0,7,1.0
14496,50b03a16,0,35,25,3.0,3.0,3.0,25,4,35,0.0
14509,50b9e94c,0,7,1,4.0,1.0,3.0,1,1,7,1.0
14553,5100a32e,0,14,12,5.0,4.0,4.0,12,12,14,0.0
14560,51085938,0,11,15,4.0,1.0,3.0,15,14,11,1.0
14577,51171ec3,0,6,13,2.0,1.0,2.0,13,13,6,0.0
14601,514f293b,0,11,16,2.0,1.0,1.0,16,16,11,0.0
14655,519da79d,0,38,8,27.0,6.0,22.0,8,3,38,1.0
14710,51f81030,0,19,127,5.0,2.0,2.0,127,111,19,1.0
14714,51fde0cb,0,126,78,83.0,24.0,42.0,78,11,126,1.0
14720,520a4f00,0,4,0,1.0,1.0,1.0,0,0,4,0.0
14780,52567db3,0,6,7,2.0,1.0,1.0,7,7,6,0.0
14833,52ac5248,0,118,103,71.0,6.0,36.0,103,4,118,1.0
14855,52c67e00,1,123,15,91.0,23.0,49.0,10,1,253,1.0
14911,530ab705,0,6,12,2.0,1.0,2.0,12,12,6,1.0
14949,5345f530,0,22,2,7.0,2.0,4.0,2,2,22,0.0
14975,536fd101,0,3,14,1.0,1.0,1.0,14,14,3,1.0
14977,537040af,1,33,7,8.0,2.0,4.0,7,0,37,0.0
14999,538aec65,0,75,5,59.0,5.0,29.0,5,0,75,0.0
15002,538c3e87,0,57,64,46.0,10.0,20.0,64,16,57,1.0
15018,53a409c8,1,17,63,1.0,1.0,1.0,63,52,28,1.0
15071,53f01641,0,59,40,34.0,5.0,18.0,40,0,59,0.0
15105,542e1c8a,1,9,28,1.0,1.0,1.0,14,7,40,0.0
15124,544472be,0,120,14,71.0,12.0,31.0,14,6,120,1.0
15127,54478477,0,27,10,17.0,3.0,8.0,10,10,27,0.0
15133,544aaf42,3,15,41,0.0,0.0,0.0,1,0,251,1.0
15153,54633dbb,0,7,1,2.0,2.0,2.0,1,1,7,1.0
15199,54a2de05,0,50,138,14.0,6.0,11.0,138,94,50,1.0
15212,54bb7539,0,60,2,47.0,13.0,35.0,2,1,60,1.0
15240,54eff131,0,5,0,2.0,1.0,2.0,0,0,5,0.0
15247,54fb59e3,0,31,26,11.0,4.0,6.0,26,5,31,1.0
15321,5558396d,3,57,59,13.0,4.0,9.0,17,9,679,0.0
15340,5577775a,2,54,33,15.0,3.0,7.0,8,2,299,0.0
15344,557a39ac,0,1,10,0.0,0.0,0.0,10,10,1,0.0
15351,55827b4b,0,111,103,80.0,14.0,30.0,103,0,111,1.0
15379,55a7179e,0,3,41,1.0,1.0,1.0,41,41,3,1.0
15382,55a9fa00,0,206,146,76.0,15.0,34.0,146,0,206,0.0
15441,55f855dc,0,22,20,11.0,5.0,7.0,20,6,22,0.0
15449,56011e68,1,43,76,9.0,4.0,7.0,75,27,64,1.0
15453,56023b38,0,4,6,1.0,1.0,1.0,6,6,4,0.0
15483,5627d3b1,0,4,12,1.0,1.0,1.0,12,12,4,0.0
15485,56286924,0,3,1,1.0,1.0,1.0,1,1,3,1.0
15486,562929c8,0,551,31,316.0,58.0,166.0,31,0,551,1.0
15494,563b7706,0,34,10,23.0,3.0,18.0,10,10,34,0.0
15504,564c3763,0,9,1,3.0,1.0,3.0,1,1,9,1.0
15536,5685f2ab,0,125,60,61.0,11.0,32.0,60,9,125,0.0
15592,56c5408b,0,50,0,38.0,14.0,26.0,0,0,50,0.0
15665,572b06d3,0,160,40,60.0,10.0,33.0,40,1,160,0.0
15693,5768416f,0,12,7,3.0,1.0,2.0,7,7,12,1.0
15722,57837972,0,4,0,1.0,1.0,1.0,0,0,4,0.0
15723,57839df1,0,210,21,136.0,10.0,68.0,21,0,210,0.0
15732,578cefef,0,137,11,100.0,8.0,46.0,11,1,137,1.0
15737,5792deb4,0,52,0,43.0,3.0,19.0,0,0,52,1.0
15795,57d2d639,0,13,12,6.0,2.0,6.0,12,12,13,0.0
15807,57ed2cc9,0,160,20,59.0,8.0,32.0,20,0,160,1.0
15808,57ed5665,0,133,32,106.0,23.0,58.0,32,0,133,0.0
15823,580d6e12,0,42,5,21.0,8.0,15.0,5,5,42,0.0
15824,580d91b9,0,95,10,82.0,3.0,37.0,10,10,95,1.0
15833,581518b6,0,8,10,3.0,3.0,3.0,10,10,8,1.0
15838,5822ddcf,0,30,70,16.0,3.0,9.0,70,4,30,0.0
15854,583473ab,0,20,0,4.0,1.0,3.0,0,0,20,1.0
15865,5847cac8,0,3,74,0.0,0.0,0.0,74,74,3,1.0
15896,587ce7f9,1,61,3,6.0,3.0,6.0,2,0,109,1.0
15911,58a6953f,0,4,10,1.0,1.0,1.0,10,10,4,0.0
15935,58c826e3,0,9,8,3.0,2.0,3.0,8,8,9,0.0
15949,58d49c99,0,11,12,5.0,1.0,3.0,12,4,11,0.0
15952,58dc4648,0,12,17,7.0,2.0,6.0,17,8,12,0.0
15956,58e26c5d,0,168,111,113.0,8.0,64.0,111,5,168,1.0
15962,58ebb51c,0,88,5,34.0,13.0,21.0,5,2,88,0.0
15974,58f21eaf,0,16,0,3.0,3.0,3.0,0,0,16,1.0
15997,590e38f9,0,28,24,14.0,4.0,11.0,24,9,28,0.0
16006,5915f0e7,0,21,13,6.0,1.0,2.0,13,7,21,0.0
16068,5988298f,0,28,45,9.0,4.0,6.0,45,5,28,1.0
16089,599e60ec,0,3,9,0.0,0.0,0.0,9,9,3,1.0
16103,59b180d0,0,4,17,0.0,0.0,0.0,17,17,4,0.0
16114,59c2bed3,1,69,86,47.0,11.0,35.0,0,0,86,1.0
16115,59c318bd,0,279,0,95.0,30.0,56.0,0,0,279,1.0
16157,59f8eca2,0,22,15,8.0,4.0,6.0,15,4,22,0.0
16239,5a6e92f6,0,6,0,2.0,1.0,1.0,0,0,6,0.0
16241,5a6f960f,0,32,12,25.0,4.0,16.0,12,12,32,0.0
16256,5a8a4d3e,0,33,15,13.0,6.0,12.0,15,1,33,0.0
16273,5aaa9bd1,0,9,14,5.0,1.0,2.0,14,14,9,0.0
16276,5ab0b915,0,4,29,1.0,1.0,1.0,29,29,4,0.0
16279,5ab88a3f,0,48,11,21.0,17.0,18.0,11,10,48,0.0
16302,5ae690cc,0,55,72,23.0,12.0,17.0,72,10,55,0.0
16328,5b0f4b0a,0,20,49,12.0,3.0,11.0,49,6,20,1.0
16333,5b1739cc,0,28,113,14.0,3.0,5.0,113,83,28,1.0
16350,5b30e395,0,16,3,8.0,2.0,8.0,3,0,16,1.0
16381,5b6054e7,0,43,85,16.0,4.0,9.0,85,57,43,1.0
16386,5b64ca29,0,18,8,7.0,1.0,6.0,8,3,18,0.0
16469,5bf217ac,0,9,8,6.0,2.0,4.0,8,8,9,1.0
16507,5c2e66a4,0,16,15,4.0,1.0,3.0,15,15,16,1.0
16515,5c3bff7d,0,85,15,31.0,5.0,14.0,15,12,85,0.0
16531,5c60f9d5,0,5,1,1.0,1.0,1.0,1,1,6,0.0
16549,5c801fd3,0,6,14,1.0,1.0,1.0,14,14,6,0.0
16551,5c862f3c,0,6,2,1.0,1.0,1.0,2,1,6,1.0
16609,5ccbe956,0,43,15,17.0,3.0,12.0,15,13,43,0.0
16642,5cf3348a,0,50,50,25.0,7.0,16.0,50,1,50,0.0
16649,5d08fad7,0,5,1,1.0,1.0,1.0,1,1,5,0.0
16654,5d0c3446,0,61,91,52.0,12.0,36.0,91,6,61,1.0
16677,5d2be13d,3,152,31,125.0,21.0,67.0,15,14,388,1.0
16680,5d34409d,0,464,17,176.0,22.0,59.0,17,13,464,0.0
16691,5d46065a,0,3,14,0.0,0.0,0.0,14,14,3,0.0
16724,5d6ef7cd,0,18,139,9.0,2.0,7.0,139,139,18,0.0
16765,5daafb72,1,57,19,29.0,7.0,18.0,16,15,120,0.0
16854,5e407c73,0,9,16,3.0,1.0,1.0,16,16,9,0.0
16864,5e55fb94,0,38,42,23.0,6.0,13.0,42,18,38,1.0
16884,5e79c2ac,0,88,82,40.0,4.0,16.0,82,4,88,0.0
16890,5e866083,0,12,20,10.0,2.0,7.0,20,20,12,1.0
16901,5e963d1b,0,57,40,32.0,13.0,24.0,40,4,57,0.0
16920,5eb67a31,0,66,28,38.0,9.0,31.0,28,1,66,0.0
16962,5ef611ac,0,66,85,17.0,10.0,13.0,85,8,66,1.0
16972,5f00752b,1,35,26,3.0,3.0,3.0,14,8,126,0.0
16980,5f0ac9a5,0,75,16,46.0,11.0,27.0,16,12,75,0.0
17021,5f50a07c,0,4,12,1.0,1.0,1.0,12,12,4,0.0
17034,5f63967f,0,35,45,14.0,11.0,12.0,45,17,35,1.0
17066,5f802adb,0,71,13,22.0,4.0,13.0,13,1,71,1.0
17072,5f8ad07d,0,63,140,28.0,15.0,21.0,140,27,63,0.0
17102,5fc6f016,0,76,2,37.0,6.0,22.0,2,0,76,1.0
17109,5fcef52e,0,41,6,18.0,9.0,12.0,6,5,41,0.0
17127,5fee91c2,4,8,1,2.0,1.0,1.0,1,0,33,0.0
17137,5ffaf0d0,1,25,45,16.0,2.0,8.0,1,1,123,1.0
17138,5ffb7388,0,8,15,1.0,1.0,1.0,15,14,8,0.0
17144,6009e0c0,0,15,25,9.0,5.0,9.0,25,14,15,0.0
17189,6059e8c0,0,4,1,1.0,1.0,1.0,1,1,4,0.0
17225,608cf0ce,0,41,35,16.0,5.0,10.0,35,3,41,0.0
17234,609c0ef7,0,19,16,4.0,1.0,3.0,16,15,19,0.0
17288,61055fb0,0,3,10,0.0,0.0,0.0,10,10,3,0.0
17362,617900b5,0,64,67,10.0,6.0,7.0,67,1,64,0.0
17378,6192ea5a,0,29,134,16.0,7.0,13.0,134,1,29,1.0
17380,6195ac19,0,101,5,95.0,17.0,41.0,5,5,101,0.0
17387,619a8ec2,0,199,11,95.0,14.0,40.0,11,3,199,0.0
17392,619d5c11,0,79,23,47.0,3.0,24.0,23,4,79,0.0
17423,61d8b0ae,0,16,16,7.0,2.0,6.0,16,16,16,0.0
17428,61e1b1c3,0,123,73,42.0,8.0,24.0,73,9,123,1.0
17503,625267e1,0,10,104,2.0,2.0,2.0,104,104,10,1.0
17524,6278634e,1,36,28,22.0,19.0,19.0,24,23,90,1.0
17553,629e1a6e,0,115,22,57.0,13.0,34.0,22,0,115,1.0
17559,62acae45,0,4,132,0.0,0.0,0.0,132,132,4,0.0
17579,62c440c2,0,16,31,5.0,1.0,3.0,31,12,16,0.0
17584,62c5859e,0,19,15,11.0,2.0,7.0,15,15,19,0.0
17615,62fa69b0,0,33,26,20.0,4.0,17.0,26,12,33,1.0
17633,6309f8fe,0,3,52,0.0,0.0,0.0,52,52,3,1.0
17644,631bde14,0,3,120,0.0,0.0,0.0,120,120,3,1.0
17657,632357f2,0,16,67,10.0,3.0,8.0,67,67,16,1.0
17664,632e9b7b,0,6,79,3.0,1.0,1.0,79,77,6,1.0
17709,636bcdaf,0,51,47,13.0,4.0,6.0,47,10,51,1.0
17712,636f2513,0,3,13,0.0,0.0,0.0,13,13,3,0.0
17731,638b46be,0,10,16,4.0,1.0,3.0,16,16,10,0.0
17744,63955eea,0,14,21,5.0,2.0,4.0,21,15,14,0.0
17785,63ec8028,0,8,4,5.0,2.0,3.0,4,4,8,0.0
17844,643784b6,1,2,0,1.0,1.0,1.0,0,0,3,1.0
17874,646e5107,0,13,0,4.0,1.0,3.0,0,0,13,1.0
17875,646feb01,0,451,104,356.0,31.0,174.0,104,7,451,1.0
17899,6490af1a,2,251,90,168.0,31.0,108.0,72,10,461,1.0
17917,64a3c2f6,0,40,64,13.0,6.0,9.0,64,0,40,1.0
17990,6511a475,0,12,22,2.0,2.0,2.0,22,16,12,0.0
17996,651814af,0,19,9,14.0,1.0,3.0,9,9,19,0.0
17997,6518264a,0,184,34,165.0,18.0,72.0,34,4,184,1.0
18003,651fb569,0,9,16,2.0,1.0,2.0,16,16,9,0.0
18029,6537bb88,0,224,15,129.0,41.0,77.0,15,0,224,0.0
18049,655b60cd,0,13,1,6.0,2.0,4.0,1,1,13,1.0
18064,656bf2ef,0,4,3,1.0,1.0,1.0,3,3,4,0.0
18071,657592da,0,138,8,113.0,14.0,47.0,8,2,138,1.0
18085,6584f328,1,4,13,0.0,0.0,0.0,8,8,23,0.0
18089,65885b71,0,172,52,119.0,12.0,39.0,52,4,172,1.0
18143,65df5bfe,1,2,73,0.0,0.0,0.0,3,3,143,0.0
18233,664afc83,0,83,74,22.0,8.0,15.0,74,0,83,1.0
18301,66a9bff6,2,227,21,157.0,24.0,87.0,12,7,741,1.0
18316,66b9925a,0,299,21,258.0,31.0,139.0,21,3,299,0.0
18321,66c8334d,0,28,5,10.0,4.0,7.0,5,2,28,0.0
18345,66f03f19,0,5,1,2.0,2.0,2.0,1,1,5,0.0
18368,670bf5e1,0,80,1,35.0,6.0,16.0,1,0,80,1.0
18391,672cae4e,0,79,1,48.0,13.0,32.0,1,1,79,0.0
18404,67359265,0,11,7,3.0,1.0,1.0,7,7,11,0.0
18420,675a531e,0,242,134,159.0,16.0,75.0,134,13,242,1.0
18431,676e13ba,0,17,1,10.0,4.0,9.0,1,1,17,1.0
18435,6773fc6c,0,28,0,7.0,5.0,7.0,0,0,28,0.0
18441,677b4089,0,8,4,1.0,1.0,1.0,4,4,8,1.0
18468,67aca306,0,10,11,2.0,1.0,1.0,11,11,10,0.0
18474,67aeb838,0,4,3,1.0,1.0,1.0,3,3,4,0.0
18513,67e956eb,0,46,98,28.0,9.0,22.0,98,2,46,0.0
18523,67f66a20,0,17,7,3.0,3.0,3.0,7,1,17,0.0
18537,6805c0ac,0,3,36,1.0,1.0,1.0,36,36,3,1.0
18549,68112bb4,0,62,56,48.0,12.0,29.0,56,1,62,0.0
18554,681c5689,0,139,11,110.0,23.0,64.0,11,2,139,1.0
18568,683220f9,0,12,3,4.0,1.0,2.0,3,3,12,0.0
18583,6841353d,2,28,17,17.0,3.0,13.0,4,0,241,0.0
18619,6875f643,0,33,14,11.0,4.0,7.0,14,0,33,1.0
18620,687a1e38,0,62,0,20.0,11.0,16.0,0,0,62,1.0
18628,688e4e01,0,3,140,0.0,0.0,0.0,140,140,3,0.0
18650,68ab665e,0,50,38,13.0,5.0,11.0,38,16,50,1.0
18668,68bf3c47,1,68,136,23.0,5.0,12.0,69,4,179,1.0
18672,68c43519,0,3,140,0.0,0.0,0.0,140,140,3,1.0
18684,68d8672d,0,21,16,1.0,1.0,1.0,16,16,21,0.0
18693,68e2f359,0,7,30,1.0,1.0,1.0,30,30,7,0.0
18695,68e3709c,0,146,122,49.0,9.0,26.0,122,12,146,0.0
18708,68f60fb9,0,22,14,12.0,2.0,10.0,14,13,22,1.0
18709,68f6e261,0,3,8,1.0,1.0,1.0,8,8,3,1.0
18760,694a209d,0,4,1,1.0,1.0,1.0,1,1,4,0.0
18764,6955042b,0,44,2,9.0,4.0,6.0,2,0,44,1.0
18860,69de5c37,3,28,43,13.0,5.0,12.0,23,16,108,1.0
18866,69e942e5,0,120,92,51.0,16.0,27.0,92,8,120,1.0
18867,69ea644c,0,1,25,0.0,0.0,0.0,25,25,1,0.0
18883,6a08a60c,0,125,87,40.0,11.0,27.0,87,0,125,1.0
18884,6a08e7c4,0,53,58,32.0,4.0,25.0,58,0,53,1.0
18887,6a0bf308,0,5,8,1.0,1.0,1.0,8,8,5,0.0
18905,6a2bfa22,0,22,18,10.0,6.0,8.0,18,0,22,0.0
18932,6a458342,0,11,9,5.0,2.0,5.0,9,9,11,0.0
18952,6a5c83db,0,85,0,64.0,8.0,28.0,0,0,85,1.0
18962,6a6c639c,1,18,81,14.0,1.0,8.0,79,78,88,1.0
18964,6a733bad,0,13,6,7.0,3.0,5.0,6,3,13,1.0
18991,6a91ec37,0,58,12,39.0,5.0,13.0,12,0,58,1.0
19052,6ade5d5b,0,139,79,87.0,15.0,48.0,79,1,139,1.0
19056,6ae31da8,0,43,8,21.0,5.0,14.0,8,2,43,0.0
19113,6b42b7be,0,12,54,4.0,1.0,1.0,54,32,12,0.0
19120,6b4b4ecf,0,66,79,22.0,8.0,15.0,79,6,66,0.0
19139,6b710e89,0,21,2,12.0,3.0,8.0,2,2,21,1.0
19145,6b7d1933,0,69,58,42.0,6.0,25.0,58,6,69,1.0
19154,6b8540d2,0,313,82,199.0,33.0,117.0,82,0,313,0.0
19170,6b99f579,0,5,2,3.0,2.0,3.0,2,2,5,1.0
19183,6ba730a8,0,12,36,4.0,1.0,1.0,36,36,12,1.0
19255,6c0e18a9,0,23,6,7.0,5.0,7.0,6,3,23,0.0
19276,6c2c9d65,0,25,11,5.0,2.0,2.0,11,10,25,0.0
19303,6c55de42,0,66,2,44.0,5.0,26.0,2,1,66,1.0
19307,6c5e3983,0,59,3,39.0,5.0,18.0,3,0,59,0.0
19314,6c67de3e,0,46,149,27.0,14.0,19.0,149,68,46,1.0
19327,6c7b998f,0,19,9,9.0,3.0,6.0,9,2,19,0.0
19333,6c89cbfb,0,237,95,60.0,24.0,39.0,95,3,237,1.0
19356,6cab98d6,0,120,69,77.0,24.0,49.0,69,13,120,0.0
19398,6ced2787,0,32,27,18.0,3.0,13.0,27,8,32,0.0
19400,6cefa829,0,11,92,2.0,1.0,1.0,92,73,11,1.0
19401,6cf2d02a,0,37,27,13.0,3.0,11.0,27,5,37,1.0
19418,6d05c1f6,0,7,10,2.0,1.0,1.0,10,10,8,0.0
19419,6d06e7d0,0,122,41,66.0,11.0,33.0,41,6,122,1.0
19421,6d079d8a,0,6,20,3.0,2.0,3.0,20,20,6,1.0
19430,6d0f7cf6,0,32,16,12.0,2.0,7.0,16,1,32,0.0
19432,6d119f0b,0,7,3,3.0,1.0,3.0,3,3,7,0.0
19440,6d187a5d,1,185,106,116.0,21.0,70.0,105,1,212,0.0
19482,6d654333,0,29,2,7.0,4.0,4.0,2,1,29,1.0
19504,6d89c7eb,0,16,4,7.0,3.0,7.0,4,4,16,0.0
19522,6da13513,0,2,65,0.0,0.0,0.0,65,65,2,1.0
19528,6daa6b33,0,4,3,0.0,0.0,0.0,3,3,4,1.0
19598,6e09b333,0,32,15,15.0,9.0,11.0,15,13,32,0.0
19631,6e3a60a5,0,26,3,8.0,5.0,6.0,3,3,26,0.0
19637,6e41e5e3,0,96,0,67.0,11.0,48.0,0,0,96,1.0
19652,6e558c28,0,139,87,76.0,17.0,39.0,87,0,139,1.0
19698,6eaaab36,0,16,6,10.0,7.0,8.0,6,6,16,1.0
19700,6eb06480,0,19,7,7.0,1.0,4.0,7,6,19,0.0
19714,6ec44564,0,90,2,25.0,6.0,18.0,2,0,90,1.0
19753,6f0748ac,0,20,13,11.0,4.0,7.0,13,10,20,0.0
19762,6f147d6d,0,7,22,1.0,1.0,1.0,22,22,7,1.0
19792,6f366ede,0,115,66,54.0,11.0,35.0,66,3,115,0.0
19802,6f3ac59d,0,41,20,11.0,9.0,10.0,20,12,41,1.0
19862,6f9194ad,0,42,27,27.0,2.0,15.0,27,19,42,1.0
19865,6f984710,0,31,17,7.0,3.0,7.0,17,14,31,0.0
19893,6fbbddb6,0,4,9,2.0,1.0,2.0,9,9,4,1.0
19899,6fc53e29,0,6,9,0.0,0.0,0.0,9,9,6,0.0
19915,6fdda6b5,0,87,85,56.0,2.0,16.0,85,0,87,1.0
19953,704585f1,0,23,1,20.0,9.0,13.0,1,1,23,0.0
19985,70765d26,0,54,41,42.0,5.0,14.0,41,8,54,1.0
19986,70782025,0,4,98,1.0,1.0,1.0,98,98,4,1.0
20010,709473a3,0,14,98,5.0,5.0,5.0,98,98,14,1.0
20016,7096af78,2,26,115,4.0,4.0,4.0,51,29,66,1.0
20020,709f8e2f,0,12,1,1.0,1.0,1.0,1,1,12,1.0
20021,70a00423,0,6,22,0.0,0.0,0.0,22,22,6,1.0
20166,71969ba2,4,3,86,1.0,1.0,1.0,10,10,183,0.0
20210,71da216f,1,8,2,0.0,0.0,0.0,2,2,15,0.0
20246,72116360,0,17,5,5.0,1.0,1.0,5,3,17,0.0
20294,72526564,0,7,0,4.0,1.0,2.0,0,0,7,1.0
20340,72933135,0,63,2,43.0,11.0,24.0,2,1,63,1.0
20381,72e18b22,0,3,83,1.0,1.0,1.0,83,83,3,1.0
20409,731240ba,0,2,12,0.0,0.0,0.0,12,12,2,0.0
20451,735cda2a,0,53,118,18.0,9.0,10.0,118,12,53,0.0
20475,73827ee1,0,3,9,0.0,0.0,0.0,9,9,3,1.0
20594,742bc6c9,0,125,10,85.0,10.0,22.0,10,10,125,0.0
20601,7435c176,0,88,1,82.0,16.0,45.0,1,1,88,1.0
20613,744dc014,0,5,0,0.0,0.0,0.0,0,0,5,0.0
20638,747881ee,0,81,16,57.0,11.0,36.0,16,16,81,0.0
20655,74905555,0,41,14,12.0,3.0,9.0,14,10,41,0.0
20666,74a29ffb,1,21,75,0.0,0.0,0.0,65,51,66,1.0
20675,74aa2094,2,181,15,73.0,20.0,38.0,2,0,347,0.0
20728,7505a41d,0,21,0,4.0,3.0,3.0,0,0,22,1.0
20729,75080858,0,3,2,0.0,0.0,0.0,2,2,3,0.0
20730,7508b51c,0,237,131,144.0,37.0,93.0,131,6,237,1.0
20772,75350cef,1,132,84,42.0,15.0,27.0,84,2,139,1.0
20829,7578376f,0,61,11,32.0,13.0,23.0,11,5,61,0.0
20830,757b71de,0,4,2,1.0,1.0,1.0,2,2,4,0.0
20832,757f3759,0,19,16,7.0,2.0,6.0,16,8,19,0.0
20876,75cb351f,0,9,15,2.0,2.0,2.0,15,7,9,1.0
20913,7605817f,0,12,2,7.0,2.0,6.0,2,2,12,0.0
20920,7614d688,0,24,5,0.0,0.0,0.0,5,0,24,0.0
20925,761c99f7,0,39,25,23.0,2.0,12.0,25,3,39,1.0
20986,76712d3f,4,54,51,15.0,2.0,3.0,13,0,440,1.0
20998,768ba47a,2,10,85,1.0,1.0,1.0,6,1,248,0.0
21026,76a8ba7f,0,44,5,14.0,3.0,10.0,5,2,44,0.0
21046,76cc9dbd,0,209,8,171.0,33.0,89.0,8,2,209,0.0
21109,772cfaf8,0,20,2,7.0,1.0,5.0,2,1,20,1.0
21119,77397f7b,0,77,3,32.0,8.0,13.0,3,0,77,0.0
21147,77661a82,0,63,13,15.0,10.0,11.0,13,13,63,0.0
21153,776f7c0f,0,36,15,12.0,2.0,9.0,15,8,36,0.0
21160,777257c8,0,11,1,3.0,2.0,2.0,1,1,11,0.0
21185,7794a3de,0,77,74,10.0,3.0,4.0,74,2,78,0.0
21186,77959ec8,0,39,0,26.0,3.0,12.0,0,0,39,1.0
21202,77aaa0f8,0,98,13,68.0,6.0,39.0,13,3,98,0.0
21210,77b92dd1,0,28,91,6.0,3.0,5.0,91,84,28,1.0
21271,78083911,0,144,28,66.0,7.0,23.0,28,0,144,1.0
21275,780bad52,0,60,18,32.0,4.0,20.0,18,2,60,1.0
21287,78268336,0,10,38,3.0,2.0,3.0,38,37,10,1.0
21292,7831a03e,0,30,21,20.0,2.0,9.0,21,1,30,0.0
21303,783de2c0,1,3,78,0.0,0.0,0.0,78,78,15,1.0
21333,7864d948,0,138,14,107.0,15.0,57.0,14,4,138,0.0
21363,788e376e,2,1,13,0.0,0.0,0.0,13,13,14,0.0
21364,788f9a07,0,12,16,6.0,3.0,4.0,16,16,12,0.0
21373,78a17666,0,157,122,94.0,15.0,30.0,122,2,157,1.0
21381,78b8dd29,0,56,14,24.0,5.0,13.0,14,14,56,0.0
21384,78bac15f,0,86,3,13.0,4.0,7.0,3,2,86,1.0
21398,78c4ca18,0,38,25,13.0,6.0,7.0,25,13,38,1.0
21424,78ed9605,0,50,16,12.0,3.0,6.0,16,10,50,0.0
21448,791f1c4b,0,4,8,1.0,1.0,1.0,8,8,4,0.0
21451,792582a0,0,5,3,2.0,1.0,2.0,3,3,6,0.0
21496,79731264,0,42,43,20.0,5.0,14.0,43,0,42,1.0
21526,799bc714,0,26,8,7.0,3.0,5.0,8,8,26,1.0
21612,7a21d694,0,3,1,0.0,0.0,0.0,1,1,3,1.0
21639,7a472832,2,52,22,49.0,4.0,23.0,2,0,173,1.0
21676,7a788d0a,0,20,11,6.0,3.0,4.0,11,2,20,0.0
21715,7ab61068,0,18,15,8.0,2.0,5.0,15,12,18,0.0
21739,7ae0a272,0,12,28,5.0,3.0,5.0,28,23,12,1.0
21758,7af8b75b,0,29,2,21.0,12.0,19.0,2,2,29,1.0
21765,7afccb61,4,34,62,13.0,4.0,9.0,27,2,119,1.0
21771,7b03200d,0,22,3,16.0,2.0,7.0,3,3,22,0.0
21774,7b09fdca,0,6,1,2.0,1.0,1.0,1,1,6,0.0
21789,7b18aac3,0,100,17,65.0,8.0,26.0,17,0,100,1.0
21804,7b2f335b,1,124,77,72.0,16.0,41.0,21,1,597,1.0
21811,7b442e79,0,37,26,10.0,3.0,4.0,26,0,37,0.0
21814,7b4adf9a,0,51,113,23.0,8.0,13.0,113,83,51,1.0
21822,7b5c29b0,0,4,142,1.0,1.0,1.0,142,142,4,1.0
21837,7b735091,0,190,7,159.0,22.0,74.0,7,0,190,0.0
21843,7b79f003,0,24,94,14.0,5.0,11.0,94,51,24,1.0
21857,7b8c6a9c,0,19,17,11.0,2.0,8.0,17,16,19,0.0
21889,7bbba765,0,66,6,35.0,8.0,23.0,6,0,66,0.0
21905,7bcd7d6e,0,78,89,26.0,18.0,25.0,89,3,78,0.0
21911,7bd7361f,0,25,26,2.0,2.0,2.0,26,15,25,0.0
21919,7be76c20,0,28,10,23.0,1.0,14.0,10,10,28,0.0
21945,7c05b314,0,87,88,35.0,13.0,22.0,88,1,87,1.0
21964,7c1b460f,0,54,11,43.0,11.0,29.0,11,11,54,1.0
21976,7c284d00,1,49,13,19.0,6.0,14.0,10,4,89,0.0
22037,7c8da037,0,32,9,16.0,3.0,11.0,9,2,32,1.0
22087,7ce47af9,0,115,9,104.0,13.0,51.0,9,6,115,0.0
22109,7cffcdb7,0,80,140,32.0,5.0,17.0,140,8,80,0.0
22111,7d02c1be,0,5,10,3.0,1.0,2.0,10,10,5,0.0
22124,7d128cf2,0,62,6,10.0,4.0,5.0,6,0,62,1.0
22138,7d316ca1,0,7,93,3.0,3.0,3.0,93,92,7,0.0
22162,7d57c23f,0,67,102,39.0,2.0,16.0,102,11,67,1.0
22173,7d67c870,1,12,11,3.0,1.0,1.0,11,5,27,0.0
22208,7d94ea7e,0,60,22,39.0,7.0,20.0,22,7,60,1.0
22230,7db4883a,0,21,66,9.0,4.0,9.0,66,6,21,1.0
22256,7de8af7c,0,6,5,2.0,1.0,1.0,5,5,6,0.0
22261,7df31b5b,0,5,14,0.0,0.0,0.0,14,14,5,1.0
22316,7e3a2499,0,40,14,11.0,4.0,6.0,14,7,40,0.0
22377,7ea31284,0,6,0,1.0,1.0,1.0,0,0,6,0.0
22380,7ea603d9,0,166,15,108.0,6.0,41.0,15,1,166,0.0
22391,7ebdc215,0,23,10,6.0,2.0,3.0,10,10,23,0.0
22411,7edbeaca,0,77,0,53.0,30.0,43.0,0,0,77,1.0
22425,7ef41f38,0,4,16,1.0,1.0,1.0,16,16,4,0.0
22447,7f09398f,2,378,68,152.0,33.0,67.0,12,0,701,1.0
22461,7f182f77,1,14,16,0.0,0.0,0.0,14,6,52,0.0
22484,7f3d37dd,0,18,15,10.0,4.0,8.0,15,12,18,1.0
22525,7f7ca99a,0,13,0,10.0,1.0,7.0,0,0,13,0.0
22534,7f948890,0,29,33,10.0,2.0,7.0,33,3,29,0.0
22563,7fbaf8e8,0,128,118,68.0,4.0,27.0,118,78,128,1.0
22639,8021c511,0,48,14,25.0,7.0,13.0,14,14,48,0.0
22682,8079d68b,0,4,7,1.0,1.0,1.0,7,7,4,1.0
22703,809f1e5a,0,10,14,3.0,1.0,1.0,14,14,10,0.0
22709,80a77cde,0,198,63,133.0,19.0,60.0,63,8,198,1.0
22714,80b09d78,0,73,43,27.0,9.0,22.0,43,0,73,1.0
22796,8123457d,0,25,68,9.0,6.0,9.0,68,1,25,1.0
22849,817b93b8,0,14,2,1.0,1.0,1.0,2,1,14,1.0
22864,8186a6c1,4,3,91,1.0,1.0,1.0,3,3,255,1.0
22952,822ad92a,0,22,13,8.0,4.0,5.0,13,9,22,0.0
22957,82336cb3,0,38,9,29.0,8.0,22.0,9,9,39,1.0
22961,823ab85b,0,27,69,12.0,7.0,9.0,69,0,27,1.0
22969,82462d5f,0,54,23,11.0,6.0,9.0,23,3,54,0.0
22971,8246f12d,0,30,14,18.0,6.0,12.0,14,14,30,0.0
23051,82d614ab,0,6,15,1.0,1.0,1.0,15,15,6,0.0
23067,82f63078,1,11,106,1.0,1.0,1.0,97,39,144,0.0
23101,833549e9,0,53,52,20.0,5.0,8.0,52,0,53,0.0
23102,8335bb90,0,82,17,60.0,8.0,31.0,17,1,82,1.0
23130,835bac7e,0,4,13,1.0,1.0,1.0,13,13,4,0.0
23138,83643f30,0,5,80,0.0,0.0,0.0,80,80,5,1.0
23153,83805074,0,35,14,9.0,6.0,8.0,14,12,35,0.0
23167,8396b4c5,0,110,122,40.0,14.0,19.0,122,40,110,1.0
23205,83cdf552,0,4,6,1.0,1.0,1.0,6,6,4,0.0
23215,83ddb0e4,0,10,138,3.0,2.0,2.0,138,135,10,1.0
23236,83f934c7,0,20,9,6.0,4.0,4.0,9,6,20,0.0
23297,846ee151,1,270,133,87.0,9.0,45.0,62,0,490,1.0
23299,846fde56,0,833,76,220.0,33.0,91.0,76,14,833,1.0
23332,849622e1,0,13,1,5.0,4.0,5.0,1,1,13,0.0
23346,84a72037,0,145,12,92.0,17.0,37.0,12,1,145,1.0
23403,84ed5dd6,0,97,11,33.0,7.0,16.0,11,0,97,1.0
23425,8517f208,3,60,16,37.0,10.0,24.0,15,2,143,1.0
23445,852cd762,0,17,0,14.0,2.0,7.0,0,0,17,0.0
23498,857a421e,0,29,8,26.0,4.0,11.0,8,8,29,0.0
23518,8595b530,1,9,89,0.0,0.0,0.0,2,1,81,0.0
23538,85b03c2b,0,12,0,8.0,1.0,7.0,0,0,12,0.0
23554,85cb8723,0,20,1,10.0,3.0,6.0,1,1,20,1.0
23565,85df2441,0,25,27,12.0,6.0,8.0,27,1,25,0.0
23570,85e24556,0,59,5,12.0,3.0,6.0,5,4,59,0.0
23594,8607eeea,0,8,5,4.0,1.0,3.0,5,5,8,0.0
23614,86192d24,0,35,13,14.0,7.0,10.0,13,2,35,1.0
23634,8647470d,0,33,1,17.0,5.0,9.0,1,1,33,0.0
23654,86656d80,0,22,20,10.0,2.0,3.0,20,15,22,0.0
23669,86742710,3,48,126,30.0,5.0,14.0,10,1,453,0.0
23676,867c6662,0,5,45,1.0,1.0,1.0,45,45,5,0.0
23690,86879d0f,0,81,62,34.0,8.0,19.0,62,12,81,1.0
23720,86afedf0,1,2,148,0.0,0.0,0.0,143,142,11,1.0
23725,86b3d13c,0,32,16,11.0,1.0,6.0,16,4,32,0.0
23778,870a6856,0,120,68,25.0,6.0,14.0,68,17,120,1.0
23823,8737662e,0,65,3,53.0,14.0,42.0,3,0,65,1.0
23831,873e1e8a,0,141,43,102.0,16.0,66.0,43,10,141,1.0
23834,87483c8f,0,44,17,24.0,3.0,14.0,17,2,44,0.0
23835,87488972,0,169,111,100.0,8.0,44.0,111,1,169,0.0
23837,874925e0,0,6,18,2.0,2.0,2.0,18,18,6,1.0
23838,874a3d7e,0,71,18,26.0,5.0,18.0,18,1,71,0.0
23858,875d6727,0,89,0,58.0,7.0,23.0,0,0,89,1.0
23863,876e560a,0,33,3,26.0,7.0,23.0,3,3,33,0.0
23938,87fabee6,0,130,20,64.0,9.0,30.0,20,7,130,1.0
23939,87fc55d1,0,19,3,16.0,5.0,9.0,3,3,19,0.0
23963,881a137d,1,260,141,181.0,11.0,87.0,135,6,367,0.0
23985,8838575d,0,37,49,27.0,4.0,21.0,49,10,37,0.0
23999,884b40c2,0,22,14,6.0,1.0,5.0,14,11,22,0.0
24104,88ae7a98,3,137,22,66.0,23.0,42.0,22,0,168,1.0
24117,88c1e0f3,0,70,51,42.0,18.0,30.0,51,30,70,1.0
24130,88da94b8,0,136,65,92.0,15.0,44.0,65,0,136,1.0
24132,88dad2bb,0,30,74,14.0,7.0,13.0,74,1,30,0.0
24167,88ff5a36,1,3,7,0.0,0.0,0.0,7,6,14,0.0
24182,8914d100,0,65,6,38.0,9.0,22.0,6,1,65,1.0
24223,895c09ad,0,3,76,1.0,1.0,1.0,76,76,3,1.0
24253,8988a209,0,5,0,0.0,0.0,0.0,0,0,5,1.0
24270,89a518e2,0,40,1,16.0,5.0,10.0,1,0,40,1.0
24272,89a92bf8,0,57,62,6.0,5.0,6.0,62,44,57,1.0
24287,89c09407,0,29,9,15.0,3.0,11.0,9,1,29,1.0
24315,89e6ba2d,0,10,8,5.0,1.0,3.0,8,8,10,0.0
24357,8a1dfd65,0,11,56,5.0,1.0,3.0,56,56,11,1.0
24364,8a201939,0,38,11,22.0,4.0,11.0,11,11,38,0.0
24414,8a62b23e,2,14,16,2.0,1.0,2.0,16,6,21,0.0
24438,8a8cb4b9,0,18,3,4.0,2.0,3.0,3,3,18,0.0
24446,8a9ffa35,0,1,2,0.0,0.0,0.0,2,2,1,0.0
24462,8abb10fb,0,114,21,78.0,10.0,39.0,21,8,114,1.0
24497,8af11dbc,3,90,150,61.0,11.0,34.0,84,67,706,1.0
24517,8b080597,0,13,19,5.0,4.0,5.0,19,13,13,0.0
24525,8b13a5ba,0,55,3,41.0,11.0,35.0,3,3,55,0.0
24558,8b4a8969,0,99,15,20.0,5.0,15.0,15,0,99,0.0
24594,8b7ddab9,0,57,59,20.0,12.0,17.0,59,15,57,0.0
24601,8b84f3e1,1,79,16,53.0,2.0,20.0,16,2,108,1.0
24620,8ba8bddf,0,29,13,11.0,8.0,10.0,13,5,29,1.0
24677,8befb73a,0,3,0,1.0,1.0,1.0,0,0,3,1.0
24679,8bf28c5a,1,4,23,0.0,0.0,0.0,14,13,34,1.0
24710,8c27c9a2,0,56,0,48.0,21.0,30.0,0,0,56,1.0
24749,8c6d264d,0,3,14,0.0,0.0,0.0,14,14,3,1.0
24754,8c714503,0,46,16,13.0,3.0,5.0,16,6,46,0.0
24785,8ca1bbf7,0,99,112,37.0,10.0,28.0,112,5,99,0.0
24809,8cc8a7a7,0,50,11,33.0,8.0,26.0,11,10,50,0.0
24875,8d2657e8,1,7,30,0.0,0.0,0.0,19,2,34,1.0
24890,8d3f6efa,0,13,85,3.0,1.0,2.0,85,2,13,1.0
24893,8d44fc59,0,3,60,0.0,0.0,0.0,60,60,3,1.0
24906,8d587c3a,0,33,27,17.0,6.0,12.0,27,0,33,1.0
24927,8d89fd5c,0,17,14,7.0,2.0,4.0,14,2,17,0.0
24943,8d9bfbe1,0,75,14,55.0,9.0,25.0,14,0,75,1.0
24959,8db054f0,0,4,6,1.0,1.0,1.0,6,6,4,0.0
24992,8ddbc8f2,0,12,10,7.0,1.0,3.0,10,10,12,1.0
24998,8de1b5ad,0,113,104,33.0,6.0,22.0,104,9,113,0.0
25002,8de74163,0,239,19,200.0,7.0,78.0,19,0,239,1.0
25003,8de8e4ae,0,2,2,0.0,0.0,0.0,2,2,2,0.0
25025,8e05076d,0,9,54,2.0,2.0,2.0,54,54,9,1.0
25033,8e1142a8,0,9,3,5.0,1.0,4.0,3,3,9,0.0
25109,8e75048b,0,80,8,65.0,16.0,43.0,8,1,80,1.0
25161,8eb9c436,3,1,12,0.0,0.0,0.0,12,12,20,0.0
25163,8ebbbafb,0,176,70,99.0,20.0,62.0,70,0,176,1.0
25173,8ec322d5,0,31,25,7.0,4.0,6.0,25,1,31,0.0
25188,8ed8c86b,0,4,2,1.0,1.0,1.0,2,2,4,0.0
25189,8ed933b2,0,27,13,13.0,4.0,10.0,13,6,27,1.0
25216,8f083218,0,41,37,12.0,4.0,9.0,37,4,41,0.0
25225,8f174865,2,688,114,353.0,17.0,94.0,114,6,718,1.0
25236,8f2a9998,0,11,3,4.0,4.0,4.0,3,3,11,1.0
25247,8f31e159,4,78,57,30.0,11.0,22.0,16,6,331,1.0
25298,8f6c215e,0,42,8,28.0,3.0,12.0,8,2,42,1.0
25312,8f7dd44d,0,9,15,3.0,2.0,3.0,15,14,9,0.0
25358,8fb944ea,0,48,11,15.0,2.0,5.0,11,10,48,1.0
25402,8feb09fc,0,264,15,160.0,34.0,66.0,15,4,264,1.0
25434,90258f9e,0,41,9,22.0,4.0,10.0,9,9,41,0.0
25464,90535c8e,0,11,37,4.0,2.0,4.0,37,2,11,0.0
25483,90696d53,0,244,36,106.0,21.0,52.0,36,2,244,1.0
25532,90ab4ff1,0,24,23,9.0,4.0,9.0,23,4,24,1.0
25548,90bd1ba4,0,128,10,85.0,13.0,37.0,10,1,128,0.0
25605,91083ae7,0,156,30,48.0,17.0,29.0,30,0,156,1.0
25614,9112e797,0,81,37,21.0,5.0,11.0,37,1,81,1.0
25619,911a21cb,0,38,13,18.0,4.0,11.0,13,2,38,1.0
25623,91210479,0,7,6,2.0,2.0,2.0,6,2,7,0.0
25625,91270d26,0,267,58,192.0,21.0,107.0,58,1,267,0.0
25708,91a471a9,0,8,18,1.0,1.0,1.0,18,18,8,1.0
25715,91b0742f,0,12,16,6.0,1.0,3.0,16,16,12,0.0
25717,91b3a0e0,0,14,0,1.0,1.0,1.0,0,0,14,1.0
25722,91c00880,0,37,1,23.0,1.0,11.0,1,0,37,1.0
25779,9216c2a3,0,38,3,23.0,3.0,16.0,3,1,38,1.0
25792,92284e98,0,10,11,8.0,2.0,5.0,11,11,10,0.0
25813,92441fa1,0,68,16,57.0,11.0,40.0,16,0,68,1.0
25874,92886eb4,1,67,19,18.0,9.0,12.0,19,3,109,1.0
25880,928ecb2c,0,41,142,14.0,7.0,11.0,142,56,41,1.0
25882,9291c3c9,0,10,58,4.0,2.0,2.0,58,58,10,1.0
25885,9293b130,0,7,136,1.0,1.0,1.0,136,19,7,0.0
25918,92d3fa6d,0,68,75,22.0,12.0,15.0,75,7,68,0.0
25935,92f88b65,0,5,2,1.0,1.0,1.0,2,2,5,0.0
25971,9320e317,0,57,92,20.0,10.0,14.0,92,6,57,0.0
25975,9321b788,3,172,133,41.0,22.0,32.0,20,8,366,1.0
25989,933a69b8,0,134,139,93.0,19.0,56.0,139,0,134,1.0
26001,9352eec8,0,49,12,17.0,3.0,10.0,12,0,49,0.0
26009,935d7b24,0,25,16,17.0,4.0,15.0,16,7,25,0.0
26011,935f7b4f,0,15,48,6.0,3.0,5.0,48,48,16,1.0
26067,93a7c4ce,0,103,15,74.0,10.0,50.0,15,1,103,0.0
26074,93ab4f96,0,117,26,101.0,7.0,36.0,26,4,117,0.0
26082,93b4277d,0,24,6,10.0,3.0,8.0,6,6,24,1.0
26091,93c0ac5a,0,16,3,10.0,1.0,7.0,3,3,16,0.0
26120,93eba1f1,0,14,15,5.0,1.0,2.0,15,15,14,0.0
26123,93f49f95,0,31,16,3.0,2.0,3.0,16,1,31,0.0
26128,940175be,0,22,120,8.0,1.0,5.0,120,66,22,0.0
26139,94079ad8,0,7,3,5.0,1.0,3.0,3,3,7,0.0
26179,9439db46,3,5,84,1.0,1.0,1.0,71,71,75,1.0
26222,9476c52a,0,11,27,3.0,2.0,2.0,27,9,12,1.0
26235,9485402f,2,104,42,48.0,11.0,28.0,42,3,142,1.0
26256,94a705bf,1,37,23,0.0,0.0,0.0,14,0,202,1.0
26301,94ec33f1,0,4,7,1.0,1.0,1.0,7,7,4,1.0
26329,9519aa76,0,18,31,3.0,3.0,3.0,31,18,18,1.0
26396,95843391,0,171,138,87.0,28.0,57.0,138,2,171,1.0
26402,958d644a,0,3,52,1.0,1.0,1.0,52,52,3,1.0
26421,95a388b0,0,18,2,9.0,5.0,7.0,2,2,18,0.0
26424,95a57dca,0,98,72,23.0,6.0,10.0,72,0,98,1.0
26452,95c8e975,0,15,2,7.0,2.0,6.0,2,1,15,1.0
26479,95e570ba,0,5,11,0.0,0.0,0.0,11,11,5,0.0
26494,95f8845a,0,19,7,8.0,3.0,7.0,7,7,19,1.0
26516,9621ce1c,1,6,128,2.0,1.0,2.0,0,0,136,1.0
26530,963162c3,1,19,77,5.0,2.0,3.0,77,4,41,0.0
26537,963ef1fb,0,90,110,50.0,4.0,28.0,110,12,90,0.0
26540,96403604,0,5,1,0.0,0.0,0.0,1,1,5,1.0
26559,9656ef50,0,268,30,224.0,13.0,98.0,30,0,268,1.0
26648,96f2a893,0,14,9,2.0,2.0,2.0,9,9,14,0.0
26706,974ff72d,0,9,13,3.0,2.0,2.0,13,9,9,0.0
26710,97584b71,0,104,58,35.0,13.0,20.0,58,5,104,1.0
26724,977571d3,0,155,44,98.0,25.0,51.0,44,11,155,1.0
26726,977669e6,1,24,8,1.0,1.0,1.0,8,1,25,0.0
26727,97767d11,0,12,3,3.0,2.0,2.0,3,3,12,0.0
26778,97d48b28,0,54,6,38.0,2.0,8.0,6,5,54,1.0
26805,97fb8d56,0,16,12,4.0,2.0,2.0,12,12,16,0.0
26807,980269d6,0,81,22,70.0,23.0,56.0,22,8,81,1.0
26823,980f3777,0,44,21,34.0,9.0,24.0,21,3,44,0.0
26824,980f4d2f,0,41,129,26.0,4.0,14.0,129,109,41,1.0
26828,9813054a,1,57,8,19.0,11.0,15.0,7,0,69,0.0
26841,9827bdc6,0,8,0,2.0,2.0,2.0,0,0,8,0.0
26845,982bbd32,0,16,15,12.0,2.0,5.0,15,15,16,0.0
26874,985ff6f4,0,4,10,1.0,1.0,1.0,10,10,4,0.0
26890,9886cd72,0,435,27,225.0,22.0,51.0,27,0,435,1.0
26899,98989184,0,3,2,1.0,1.0,1.0,2,2,3,0.0
26908,989ed94b,0,23,26,14.0,1.0,7.0,26,4,23,1.0
26914,98a503ee,5,63,115,28.0,5.0,13.0,115,74,91,1.0
26921,98b0c9a6,0,38,94,10.0,4.0,8.0,94,16,38,1.0
26938,98c8b9e3,0,41,18,17.0,5.0,10.0,18,6,41,0.0
26969,98fab1da,0,47,7,26.0,4.0,13.0,7,7,47,0.0
26972,98ff5b1d,0,6,8,1.0,1.0,1.0,8,8,6,1.0
26992,992b7e3a,0,16,1,6.0,3.0,4.0,1,0,16,1.0
27041,996955b3,0,4,8,1.0,1.0,1.0,8,8,4,0.0
27052,9977a033,0,33,33,9.0,7.0,8.0,33,9,33,1.0
27099,99b416e9,1,1,53,0.0,0.0,0.0,52,52,33,1.0
27109,99c11fb0,0,427,52,286.0,23.0,95.0,52,0,427,1.0
27118,99d0958d,0,169,100,127.0,15.0,61.0,100,9,169,1.0
27121,99d5815f,0,7,7,4.0,1.0,4.0,7,7,7,1.0
27125,99dc6acc,0,28,8,14.0,4.0,12.0,8,8,28,1.0
27169,9a15a1c1,0,7,29,2.0,2.0,2.0,29,9,7,1.0
27185,9a3df515,0,17,29,5.0,4.0,5.0,29,0,17,0.0
27189,9a42871e,0,14,58,2.0,2.0,2.0,58,54,14,1.0
27229,9a826675,0,234,15,169.0,11.0,72.0,15,0,234,0.0
27288,9ad79121,0,9,57,3.0,1.0,1.0,57,57,9,0.0
27293,9adcc17a,0,284,94,264.0,27.0,139.0,94,9,284,1.0
27373,9b480bcf,0,121,71,73.0,14.0,47.0,71,2,121,0.0
27419,9b8d001b,5,182,80,109.0,19.0,52.0,59,49,825,1.0
27420,9b8e4df3,0,9,3,3.0,2.0,3.0,3,3,9,0.0
27453,9bb0f7dd,0,30,15,12.0,8.0,11.0,15,13,30,1.0
27454,9bb3af27,0,59,14,17.0,9.0,12.0,14,13,59,1.0
27457,9bb9bcbd,0,1,10,0.0,0.0,0.0,10,10,1,0.0
27489,9bd3f9bc,3,505,105,304.0,18.0,85.0,96,1,558,1.0
27503,9bdce392,0,3,15,0.0,0.0,0.0,15,15,3,0.0
27528,9c0c2956,0,25,13,17.0,3.0,7.0,13,4,25,1.0
27532,9c11fd4c,0,213,13,154.0,29.0,60.0,13,8,213,1.0
27552,9c370990,0,29,9,9.0,5.0,6.0,9,8,29,0.0
27559,9c3d3783,0,124,13,108.0,17.0,56.0,13,0,124,1.0
27620,9c8bc437,0,27,13,6.0,2.0,4.0,13,7,27,1.0
27646,9cb6cb64,0,25,0,13.0,9.0,10.0,0,0,25,1.0
27692,9d0020a9,0,77,3,57.0,6.0,30.0,3,3,77,0.0
27730,9d42fe34,0,9,7,4.0,1.0,2.0,7,7,9,0.0
27742,9d547f90,0,17,20,5.0,3.0,5.0,20,5,17,0.0
27776,9d8b8088,0,23,3,17.0,2.0,8.0,3,3,23,0.0
27798,9da5c8dc,1,14,24,2.0,1.0,1.0,10,0,196,0.0
27828,9dcee64b,0,63,71,10.0,5.0,9.0,71,5,63,0.0
27831,9dcfb536,0,9,54,3.0,1.0,2.0,54,54,9,1.0
27886,9e160f67,3,13,64,7.0,2.0,5.0,19,7,320,1.0
27888,9e1981f5,0,4,2,1.0,1.0,1.0,2,2,4,0.0
27912,9e42dbf1,1,309,33,245.0,41.0,136.0,16,3,479,1.0
27933,9e575788,0,26,60,14.0,7.0,9.0,60,44,26,0.0
27936,9e5b7a37,0,8,0,1.0,1.0,1.0,0,0,8,1.0
27939,9e63a26c,0,50,31,16.0,10.0,13.0,31,3,50,0.0
27967,9e80af20,0,12,29,4.0,3.0,3.0,29,1,12,0.0
27970,9e8567de,0,28,3,20.0,5.0,18.0,3,0,28,1.0
27985,9e9a9651,0,13,2,10.0,1.0,7.0,2,2,13,1.0
27987,9e9b48c9,1,41,12,15.0,4.0,12.0,12,2,53,0.0
27992,9ea5dedf,0,24,23,10.0,3.0,7.0,23,14,24,1.0
28034,9edfe37b,0,53,13,26.0,2.0,10.0,13,0,53,0.0
28042,9ee8b95d,0,50,11,23.0,7.0,12.0,11,1,50,1.0
28053,9ef5573e,0,12,11,3.0,1.0,1.0,11,11,12,0.0
28118,9f58eccb,2,63,100,44.0,5.0,25.0,9,3,146,1.0
28128,9f612f87,0,19,13,4.0,1.0,3.0,13,13,19,0.0
28149,9f85f3bf,0,379,29,300.0,45.0,146.0,29,1,379,1.0
28160,9f98e0ea,0,81,71,15.0,9.0,12.0,71,0,81,1.0
28169,9fa3ee4e,0,10,34,2.0,1.0,1.0,34,11,10,1.0
28188,9fbc9d91,0,50,115,14.0,4.0,9.0,115,28,50,1.0
28197,9fc502eb,0,22,16,12.0,1.0,4.0,16,0,22,1.0
28199,9fca071a,1,7,0,2.0,1.0,1.0,0,0,31,1.0
28239,9ffd8ebe,0,20,6,10.0,3.0,5.0,6,6,20,0.0
28246,a004f414,0,14,11,4.0,1.0,2.0,11,11,14,0.0
28268,a01b3dbf,1,86,36,35.0,5.0,18.0,36,5,157,1.0
28374,a0ace454,0,180,4,144.0,28.0,69.0,4,0,180,0.0
28382,a0b2e467,0,4,81,1.0,1.0,1.0,81,81,4,1.0
28444,a1182406,3,76,125,62.0,16.0,41.0,71,0,461,1.0
28451,a1266388,0,88,61,36.0,13.0,25.0,61,3,88,1.0
28463,a13c8ead,0,100,5,41.0,18.0,20.0,5,0,100,0.0
28483,a16bc220,0,32,2,15.0,3.0,7.0,2,2,32,1.0
28486,a16e2aff,0,103,27,91.0,16.0,58.0,27,7,103,0.0
28497,a183e26b,0,24,8,19.0,6.0,14.0,8,8,24,0.0
28520,a1afba6a,0,398,75,297.0,40.0,161.0,75,4,398,0.0
28523,a1b0d9e0,1,25,1,11.0,4.0,5.0,1,0,39,1.0
28540,a1bb5c36,1,2,2,0.0,0.0,0.0,2,2,29,0.0
28552,a1d1e7de,0,12,26,4.0,3.0,4.0,26,0,12,1.0
28565,a1dd3845,0,89,17,72.0,15.0,43.0,17,17,89,0.0
28602,a20d70d4,0,40,102,15.0,4.0,10.0,102,102,40,1.0
28611,a21475b3,0,395,72,331.0,18.0,102.0,72,0,395,1.0
28639,a2262fb7,0,8,1,7.0,4.0,5.0,1,1,8,1.0
28645,a238c562,0,26,7,17.0,2.0,8.0,7,0,26,0.0
28710,a2922b73,0,19,2,12.0,1.0,5.0,2,2,19,0.0
28720,a2a4a31f,0,18,76,11.0,2.0,6.0,76,54,18,1.0
28774,a2f9e8a3,0,53,70,30.0,8.0,15.0,70,24,53,1.0
28801,a327dfdc,0,16,7,7.0,3.0,5.0,7,4,16,0.0
28833,a3548a03,0,5,7,2.0,2.0,2.0,7,7,5,1.0
28834,a356ff37,0,75,8,27.0,5.0,20.0,8,8,75,0.0
28846,a36ec27c,0,19,66,3.0,2.0,2.0,66,65,19,1.0
28856,a37ca6fa,1,46,9,31.0,7.0,25.0,9,1,128,0.0
28862,a384dd37,0,45,16,31.0,6.0,17.0,16,16,45,0.0
28915,a3cd4fbd,0,5,27,3.0,1.0,3.0,27,27,5,1.0
28920,a3d262fe,2,5,68,0.0,0.0,0.0,68,67,18,1.0
28941,a3f5d158,0,62,7,26.0,7.0,15.0,7,0,62,1.0
28944,a3f9efdc,0,4,15,1.0,1.0,1.0,15,15,4,0.0
29013,a45c2ccf,0,38,0,30.0,4.0,18.0,0,0,38,0.0
29035,a47e321a,0,10,38,6.0,2.0,4.0,38,38,10,1.0
29037,a4849692,0,12,3,4.0,1.0,3.0,3,1,12,0.0
29064,a4aa59fd,2,9,93,1.0,1.0,1.0,70,64,111,1.0
29072,a4c1c28e,0,27,15,11.0,6.0,9.0,15,15,27,0.0
29132,a51ac94e,0,68,1,41.0,4.0,20.0,1,0,68,1.0
29163,a53dd5ef,0,14,10,6.0,2.0,5.0,10,10,14,0.0
29208,a583a0d8,0,24,14,17.0,3.0,10.0,14,14,24,0.0
29260,a5d85904,0,6,17,2.0,1.0,1.0,17,16,6,0.0
29369,a68944ce,0,4,11,0.0,0.0,0.0,11,11,4,0.0
29380,a694ac18,5,59,43,18.0,11.0,16.0,41,6,113,1.0
29413,a6bbee3d,5,42,91,14.0,2.0,5.0,5,0,675,1.0
29415,a6c031ba,0,71,71,29.0,11.0,20.0,71,44,71,1.0
29417,a6c173f9,0,12,7,3.0,1.0,1.0,7,7,12,0.0
29419,a6c325ef,0,4,10,1.0,1.0,1.0,10,10,4,0.0
29434,a6d7a3c6,0,13,1,9.0,1.0,6.0,1,0,13,1.0
29471,a7040e6d,0,105,71,52.0,11.0,34.0,71,14,105,0.0
29503,a734485c,0,4,141,1.0,1.0,1.0,141,141,4,1.0
29531,a75f3d79,0,4,0,1.0,1.0,1.0,0,0,4,0.0
29543,a779434c,0,34,3,4.0,3.0,4.0,3,3,34,1.0
29553,a787a2b6,0,20,47,5.0,5.0,5.0,47,4,20,1.0
29579,a7afbf2d,0,32,12,18.0,7.0,15.0,12,12,32,0.0
29585,a7b5325c,1,12,3,6.0,5.0,6.0,3,3,30,1.0
29649,a80b3c6a,0,107,11,28.0,7.0,11.0,11,3,107,0.0
29661,a81d99c6,0,4,12,1.0,1.0,1.0,12,12,4,1.0
29675,a83856a2,1,52,30,35.0,14.0,26.0,15,1,87,1.0
29694,a8492e11,0,5,0,1.0,1.0,1.0,0,0,6,1.0
29699,a853d058,0,7,148,2.0,1.0,2.0,148,148,7,0.0
29706,a8660b50,0,120,11,82.0,16.0,39.0,11,9,120,0.0
29717,a879f712,0,549,142,414.0,28.0,109.0,142,4,549,1.0
29835,a927b561,0,10,14,5.0,1.0,2.0,14,14,10,0.0
29878,a94df466,0,29,0,8.0,6.0,7.0,0,0,29,1.0
29898,a963515b,5,2,83,1.0,1.0,1.0,69,69,103,1.0
29911,a986c4a7,0,106,97,59.0,13.0,34.0,97,17,106,0.0
29935,a9b4cd73,0,26,4,9.0,3.0,7.0,4,1,26,0.0
30024,aa3cbc43,0,64,3,38.0,8.0,25.0,3,0,64,1.0
30080,aa8e9d86,0,4,16,0.0,0.0,0.0,16,16,4,0.0
30086,aa974a9b,0,33,147,18.0,3.0,14.0,147,9,33,1.0
30101,aaa4e8a2,0,16,15,7.0,3.0,6.0,15,11,16,1.0
30158,aae16d72,1,18,41,6.0,5.0,6.0,0,0,168,0.0
30184,aafda668,0,8,1,0.0,0.0,0.0,1,1,8,1.0
30237,ab657cda,1,40,18,20.0,9.0,12.0,1,0,125,1.0
30294,abc8a440,0,111,41,81.0,24.0,57.0,41,4,111,1.0
30310,abd61dd4,6,68,31,19.0,4.0,10.0,13,0,487,1.0
30319,abdf1d3b,0,15,3,12.0,2.0,7.0,3,3,15,1.0
30364,ac1514ed,0,112,25,22.0,3.0,16.0,25,4,112,0.0
30371,ac19fca6,0,14,1,5.0,3.0,3.0,1,1,14,0.0
30383,ac3c60c4,0,7,5,1.0,1.0,1.0,5,5,7,0.0
30394,ac4a94ea,0,218,72,152.0,27.0,76.0,72,0,218,1.0
30458,ac9e1ec1,0,8,1,3.0,1.0,2.0,1,1,8,1.0
30464,aca95b2b,0,6,2,1.0,1.0,1.0,2,2,6,0.0
30487,acc30075,0,101,10,46.0,13.0,35.0,10,0,101,1.0
30503,acce34dc,10,6,18,0.0,0.0,0.0,10,9,283,0.0
30511,acd4de51,0,20,18,4.0,3.0,4.0,18,6,20,1.0
30521,ace40a3d,0,14,72,9.0,1.0,8.0,72,72,14,1.0
30640,ad7d2e0a,0,5,9,2.0,1.0,2.0,9,9,5,0.0
30678,adaa9274,0,23,10,13.0,4.0,11.0,10,2,23,1.0
30696,adc400a8,0,33,4,9.0,4.0,7.0,4,4,33,0.0
30699,adc88330,0,53,5,47.0,5.0,23.0,5,5,53,0.0
30704,adcefc78,0,13,17,2.0,1.0,2.0,17,2,13,1.0
30740,ae12cc10,1,7,24,3.0,2.0,3.0,16,9,180,1.0
30754,ae203651,1,25,33,8.0,6.0,7.0,1,0,121,0.0
30755,ae2136c0,0,82,0,64.0,5.0,27.0,0,0,82,1.0
30771,ae3c0d0e,0,19,33,5.0,4.0,5.0,33,8,19,1.0
30776,ae44e48b,0,51,16,22.0,15.0,19.0,16,14,51,0.0
30780,ae4c492c,0,122,7,92.0,2.0,22.0,7,6,122,0.0
30795,ae61f06d,0,6,8,2.0,1.0,2.0,8,8,6,0.0
30799,ae67846d,0,4,7,1.0,1.0,1.0,7,7,4,0.0
30815,ae86cc6e,0,13,1,2.0,2.0,2.0,1,0,13,1.0
30844,aea811ef,0,23,112,6.0,2.0,5.0,112,58,23,0.0
30849,aeac3eb0,0,29,1,9.0,1.0,2.0,1,1,29,0.0
30851,aeae2710,0,26,0,8.0,3.0,6.0,0,0,26,1.0
30862,aec3ca22,0,11,12,4.0,1.0,2.0,12,12,11,0.0
30888,aedb3e2d,0,51,0,29.0,14.0,18.0,0,0,51,1.0
30902,aeee1103,0,110,9,88.0,9.0,42.0,9,0,110,0.0
30914,af00e24b,0,26,5,21.0,8.0,14.0,5,5,26,1.0
30931,af16baa7,0,31,60,19.0,4.0,12.0,60,6,31,1.0
30946,af335cc0,0,3,5,1.0,1.0,1.0,5,5,3,1.0
30954,af43f515,0,3,26,1.0,1.0,1.0,26,26,3,1.0
31007,af88c806,4,2,28,1.0,1.0,1.0,0,0,45,0.0
31047,afc469e7,0,4,8,1.0,1.0,1.0,8,8,4,0.0
31051,afcfafc5,0,13,11,0.0,0.0,0.0,11,11,13,1.0
31063,afdedda5,0,72,65,54.0,14.0,30.0,65,23,72,1.0
31266,b145cc23,0,3,50,1.0,1.0,1.0,50,50,3,1.0
31297,b180df20,0,105,32,31.0,13.0,20.0,32,9,105,1.0
31304,b18cb555,0,19,4,13.0,4.0,10.0,4,2,19,0.0
31322,b1ae70ba,0,15,7,5.0,2.0,4.0,7,7,15,0.0
31336,b1c6dcd9,0,15,8,5.0,3.0,4.0,8,1,15,0.0
31396,b21a993b,0,4,2,1.0,1.0,1.0,2,2,4,0.0
31402,b21cc59c,2,31,89,25.0,4.0,16.0,6,4,367,1.0
31422,b23a4616,0,10,43,1.0,1.0,1.0,43,43,10,0.0
31482,b27ac45e,0,41,14,18.0,5.0,10.0,14,14,41,0.0
31493,b2929e6c,0,4,2,1.0,1.0,1.0,2,2,4,0.0
31551,b2f21afd,1,3,9,1.0,1.0,1.0,7,7,16,0.0
31571,b31761cc,0,117,2,71.0,9.0,38.0,2,2,117,0.0
31623,b36d2b29,0,14,17,2.0,1.0,1.0,17,13,14,0.0
31698,b3c45e4b,11,13,26,4.0,1.0,3.0,0,0,665,1.0
31810,b4440927,0,14,16,8.0,2.0,5.0,16,16,14,0.0
31922,b4cdf2b5,30,2,59,0.0,0.0,0.0,0,0,425,1.0
31923,b4cf1057,0,121,47,60.0,8.0,37.0,47,10,121,0.0
31938,b4e3e73b,0,15,1,11.0,3.0,9.0,1,1,15,1.0
31945,b4ebb2a0,0,23,10,12.0,2.0,7.0,10,8,23,0.0
31957,b4ff510a,0,35,8,12.0,4.0,8.0,8,7,35,1.0
31998,b535602a,1,54,142,32.0,8.0,23.0,142,7,55,1.0
32028,b568eb52,0,18,33,4.0,2.0,2.0,33,7,18,0.0
32071,b5975382,0,57,62,29.0,4.0,15.0,62,1,57,1.0
32080,b5a1cb92,0,14,10,5.0,3.0,5.0,10,10,14,0.0
32084,b5a813a9,0,10,0,5.0,1.0,5.0,0,0,10,0.0
32094,b5b0989d,1,511,60,299.0,32.0,119.0,43,1,512,1.0
32098,b5b97656,0,20,2,11.0,1.0,9.0,2,2,20,0.0
32110,b5cb7708,0,188,133,97.0,23.0,60.0,133,51,188,1.0
32137,b5f82b79,0,195,6,184.0,30.0,85.0,6,6,195,0.0
32156,b6070c3d,2,59,39,30.0,8.0,21.0,38,25,97,1.0
32157,b60794ac,0,206,71,44.0,15.0,32.0,71,1,206,1.0
32186,b630a3b6,0,49,90,13.0,9.0,12.0,90,6,49,0.0
32203,b6497940,0,27,119,8.0,3.0,6.0,119,45,27,1.0
32228,b667e544,0,10,10,3.0,3.0,3.0,10,10,10,1.0
32261,b67c257c,3,58,104,39.0,20.0,31.0,12,1,331,0.0
32273,b69682e5,0,40,5,10.0,6.0,6.0,5,5,40,0.0
32277,b6988b9d,0,6,4,3.0,1.0,2.0,4,4,6,0.0
32301,b6b638d0,0,68,148,39.0,20.0,28.0,148,139,68,1.0
32311,b6c7758c,0,307,74,260.0,45.0,144.0,74,4,307,0.0
32316,b6ce59ea,0,1,2,0.0,0.0,0.0,2,2,1,0.0
32366,b715f080,0,58,9,34.0,10.0,22.0,9,2,58,0.0
32369,b71798a7,0,87,39,51.0,3.0,16.0,39,1,87,1.0
32372,b71da444,0,23,120,9.0,3.0,7.0,120,4,23,1.0
32420,b75f3d6d,0,45,93,14.0,4.0,8.0,93,32,45,1.0
32431,b7688552,1,52,114,20.0,11.0,19.0,2,0,108,0.0
32493,b7c2d92a,0,38,17,17.0,5.0,12.0,17,11,38,0.0
32518,b7e27b0e,0,48,83,13.0,2.0,5.0,83,0,48,1.0
32520,b7e2840a,1,93,55,30.0,8.0,21.0,51,10,128,1.0
32584,b8324621,0,74,48,23.0,12.0,16.0,48,1,74,1.0
32620,b861468b,0,6,6,1.0,1.0,1.0,6,6,7,0.0
32624,b866afff,2,224,25,65.0,21.0,36.0,14,0,297,1.0
32659,b884a53c,0,21,16,7.0,3.0,7.0,16,4,21,0.0
32678,b8a44590,0,11,5,1.0,1.0,1.0,5,3,11,1.0
32684,b8ac5406,0,42,136,13.0,7.0,8.0,136,132,42,0.0
32701,b8c86b61,0,6,2,4.0,1.0,2.0,2,1,7,1.0
32723,b8efd69d,0,92,19,25.0,11.0,20.0,19,1,92,0.0
32734,b9053067,0,63,4,50.0,16.0,24.0,4,0,63,1.0
32738,b911054a,0,6,16,2.0,2.0,2.0,16,16,6,1.0
32793,b9628c41,1,566,51,303.0,54.0,158.0,37,2,1166,1.0
32825,b9887029,0,102,10,28.0,6.0,14.0,10,3,102,0.0
32849,b9b759e5,0,4,11,1.0,1.0,1.0,11,11,4,1.0
32912,ba0e5381,0,4,21,0.0,0.0,0.0,21,21,4,1.0
32914,ba10d1b3,0,126,66,73.0,4.0,31.0,66,3,126,1.0
32923,ba1c652e,0,39,16,10.0,3.0,5.0,16,16,39,0.0
32938,ba3c6116,1,1,108,0.0,0.0,0.0,76,76,21,1.0
32965,ba57bafd,0,49,132,17.0,2.0,8.0,132,16,49,1.0
32969,ba5f9afd,0,5,2,3.0,1.0,2.0,2,2,5,0.0
32970,ba5fd3d5,0,120,52,67.0,17.0,43.0,52,5,120,1.0
32979,ba72c39c,2,39,9,0.0,0.0,0.0,1,0,198,0.0
33007,baa70004,0,75,0,28.0,24.0,26.0,0,0,75,0.0
33026,bac3cd98,0,146,16,101.0,15.0,59.0,16,7,146,0.0
33037,bad49449,0,9,6,2.0,1.0,1.0,6,4,9,0.0
33057,baf18e5f,0,10,3,6.0,1.0,3.0,3,3,10,0.0
33069,bafc6618,0,3,2,0.0,0.0,0.0,2,2,3,0.0
33075,bb087f03,0,18,20,0.0,0.0,0.0,20,17,18,1.0
33097,bb2bb98e,0,5,6,2.0,2.0,2.0,6,6,5,0.0
33170,bb850737,0,19,6,4.0,4.0,4.0,6,4,19,1.0
33175,bb8b4bac,1,3,146,1.0,1.0,1.0,144,144,21,1.0
33177,bb8bfab7,0,9,16,3.0,2.0,2.0,16,16,9,0.0
33191,bb9eec76,0,26,7,6.0,6.0,6.0,7,7,26,0.0
33202,bbb2892a,0,83,11,17.0,2.0,6.0,11,11,83,0.0
33214,bbbe368d,0,55,2,44.0,8.0,21.0,2,2,55,1.0
33217,bbc294ec,0,105,5,42.0,11.0,22.0,5,1,105,0.0
33231,bbdc8d2f,0,31,52,13.0,7.0,11.0,52,19,31,0.0
33236,bbe1155e,0,26,54,12.0,3.0,10.0,54,12,26,0.0
33260,bc084a47,1,149,118,93.0,12.0,49.0,113,1,218,1.0
33273,bc1f34d3,0,509,105,248.0,21.0,42.0,105,19,509,1.0
33280,bc29a5ad,0,11,2,4.0,2.0,4.0,2,2,11,1.0
33297,bc4487c3,0,75,16,20.0,11.0,14.0,16,1,75,0.0
33346,bc906bed,0,84,7,48.0,9.0,20.0,7,0,84,1.0
33354,bca31124,0,1,8,0.0,0.0,0.0,8,8,1,0.0
33369,bcc0eb89,0,23,2,17.0,1.0,4.0,2,2,23,1.0
33399,bcec4a4e,0,28,84,15.0,6.0,12.0,84,37,28,1.0
33425,bd19b751,0,322,91,74.0,20.0,49.0,91,0,322,0.0
33434,bd20653e,0,25,52,8.0,5.0,7.0,52,3,25,0.0
33510,bd8b00a0,0,26,13,22.0,2.0,13.0,13,13,26,0.0
33529,bda07a93,0,16,10,5.0,2.0,4.0,10,5,16,0.0
33615,be1a8730,0,141,1,73.0,21.0,46.0,1,0,141,1.0
33662,be6166cc,0,8,15,3.0,1.0,2.0,15,15,8,0.0
33684,be7a23b6,0,33,7,5.0,4.0,5.0,7,3,33,0.0
33740,becfcdae,1,235,131,142.0,25.0,87.0,80,7,489,1.0
33752,bee59279,1,218,18,155.0,20.0,56.0,17,0,219,1.0
33753,beeaa40a,0,46,9,35.0,4.0,14.0,9,9,46,0.0
33760,bef685b9,0,26,81,8.0,3.0,5.0,81,0,26,0.0
33792,bf247bb8,1,36,1,21.0,2.0,7.0,1,0,37,1.0
33840,bf737d9f,0,17,10,7.0,1.0,3.0,10,10,17,0.0
33849,bf7b20fb,0,2,16,1.0,1.0,1.0,16,16,2,1.0
33870,bf967b74,2,44,33,19.0,5.0,15.0,9,9,375,0.0
33910,bfd27a39,0,20,6,12.0,4.0,10.0,6,3,20,1.0
33920,bfe3f42e,0,9,7,2.0,1.0,2.0,7,7,9,0.0
33932,bff3ba8e,0,34,15,22.0,5.0,18.0,15,15,34,0.0
33933,bff83fe5,0,87,15,25.0,7.0,15.0,15,3,87,1.0
33943,c000a5e5,0,17,149,1.0,1.0,1.0,149,13,17,1.0
34011,c05df604,0,227,25,200.0,62.0,118.0,25,2,227,0.0
34022,c06a37cf,0,9,13,5.0,5.0,5.0,13,13,9,1.0
34027,c071a38e,0,22,1,3.0,2.0,2.0,1,1,22,0.0
34030,c0747f1f,0,59,12,21.0,4.0,10.0,12,4,59,0.0
34051,c090277b,1,1,65,0.0,0.0,0.0,65,65,28,1.0
34070,c0b11fe7,0,15,9,3.0,2.0,2.0,9,2,15,0.0
34078,c0b9e3cb,0,79,5,63.0,8.0,30.0,5,1,79,0.0
34081,c0c10649,1,329,84,195.0,28.0,70.0,76,0,488,0.0
34108,c0df5dd7,0,61,37,30.0,4.0,15.0,37,10,61,0.0
34119,c0e9e3ba,0,103,35,51.0,2.0,22.0,35,1,103,0.0
34130,c0f62b26,0,9,72,2.0,2.0,2.0,72,61,9,0.0
34165,c121723e,0,28,16,6.0,6.0,6.0,16,0,28,1.0
34166,c1235e67,0,26,5,17.0,5.0,13.0,5,5,26,0.0
34172,c12a5e9f,0,72,11,12.0,4.0,7.0,11,7,72,0.0
34173,c12b5d09,0,11,10,2.0,2.0,2.0,10,9,11,0.0
34182,c134e3be,0,4,6,1.0,1.0,1.0,6,6,4,0.0
34197,c1494f44,0,80,29,46.0,7.0,28.0,29,0,80,1.0
34223,c17059ec,0,7,49,1.0,1.0,1.0,49,39,7,0.0
34241,c197b684,0,138,31,86.0,8.0,39.0,31,9,138,1.0
34302,c1f1146c,0,15,43,8.0,1.0,6.0,43,43,15,1.0
34336,c22a296a,0,19,14,14.0,1.0,7.0,14,14,19,1.0
34388,c27c1ef6,0,28,31,10.0,6.0,6.0,31,3,28,1.0
34398,c28b49d1,0,223,9,162.0,18.0,88.0,9,0,223,1.0
34416,c2acc1c5,0,13,0,10.0,3.0,7.0,0,0,13,1.0
34466,c3014cb7,0,11,3,3.0,1.0,1.0,3,3,11,0.0
34490,c31d0174,0,349,85,196.0,17.0,87.0,85,2,349,1.0
34552,c368e1a8,0,17,104,3.0,2.0,2.0,104,2,17,1.0
34581,c380ceab,0,932,103,563.0,39.0,212.0,103,0,932,0.0
34586,c38e9ba3,0,8,7,3.0,1.0,2.0,7,7,8,0.0
34624,c3bd21a6,3,43,10,20.0,2.0,11.0,8,1,111,0.0
34634,c3d16880,0,11,9,7.0,2.0,6.0,9,9,11,0.0
34641,c3dbb913,0,6,13,2.0,1.0,1.0,13,13,6,0.0
34658,c3fa3006,0,8,0,5.0,1.0,5.0,0,0,8,1.0
34680,c418f4b2,0,61,1,33.0,5.0,24.0,1,0,61,0.0
34712,c44aa7af,0,4,14,1.0,1.0,1.0,14,14,4,0.0
34771,c48d2c03,0,17,16,9.0,3.0,7.0,16,16,17,0.0
34814,c4c8cae4,0,10,98,6.0,4.0,5.0,98,98,10,1.0
34819,c4d5cb34,0,138,53,88.0,12.0,42.0,53,0,138,1.0
34823,c4d74766,0,153,52,51.0,17.0,33.0,52,18,153,1.0
34825,c4d8cde3,0,91,29,55.0,13.0,29.0,29,1,91,0.0
34845,c4f1e27d,1,305,81,48.0,16.0,38.0,72,4,358,1.0
34873,c53889cc,0,293,122,251.0,12.0,59.0,122,120,293,1.0
34880,c541c863,1,256,54,146.0,27.0,83.0,54,0,276,1.0
34882,c543fb08,0,12,9,4.0,1.0,3.0,9,9,12,0.0
34993,c625bb36,0,53,37,37.0,19.0,29.0,37,9,53,1.0
35022,c66373a9,0,8,4,2.0,1.0,1.0,4,4,8,0.0
35062,c6a3eef4,0,33,6,11.0,5.0,6.0,6,6,34,0.0
35079,c6bdfde4,0,117,45,47.0,11.0,21.0,45,12,117,1.0
35122,c7020929,0,41,12,16.0,9.0,9.0,12,4,41,0.0
35158,c729ffc9,0,71,2,31.0,7.0,18.0,2,1,71,0.0
35184,c7641d93,1,0,134,0.0,0.0,0.0,133,133,26,1.0
35202,c7704fd4,0,45,63,27.0,7.0,16.0,63,10,45,0.0
35214,c779237f,2,208,129,130.0,13.0,51.0,76,5,661,1.0
35246,c791db0a,0,21,120,6.0,3.0,6.0,120,13,21,0.0
35247,c792a751,0,56,55,30.0,3.0,17.0,55,10,56,1.0
35250,c794043f,1,2,0,1.0,1.0,1.0,0,0,39,0.0
35283,c7b90f94,0,45,3,30.0,5.0,22.0,3,0,45,1.0
35306,c7cc2c23,5,93,143,82.0,11.0,47.0,6,0,1561,1.0
35333,c8017cd2,0,65,146,25.0,11.0,20.0,146,0,65,1.0
35355,c829ffd4,0,18,107,3.0,2.0,3.0,107,2,18,0.0
35359,c8302549,0,53,13,19.0,2.0,10.0,13,0,53,1.0
35418,c885cc2f,0,744,50,560.0,15.0,183.0,50,16,744,0.0
35441,c8aebe6d,0,1316,143,1008.0,49.0,289.0,143,1,1316,0.0
35466,c8e92f4e,0,33,9,20.0,5.0,11.0,9,9,33,0.0
35521,c93789af,0,47,10,15.0,7.0,8.0,10,6,47,1.0
35535,c943c384,0,94,67,53.0,15.0,28.0,67,61,94,1.0
35555,c9727e3d,0,64,14,50.0,6.0,25.0,14,14,64,0.0
35608,c9a83ddf,0,106,9,65.0,3.0,16.0,9,0,106,1.0
35627,c9c59030,0,14,4,9.0,2.0,7.0,4,3,14,1.0
35628,c9c822d0,0,45,1,37.0,4.0,26.0,1,1,45,1.0
35635,c9c96c81,6,32,20,25.0,5.0,15.0,1,0,625,1.0
35636,c9cafdc3,0,19,12,3.0,2.0,3.0,12,12,19,0.0
35638,c9ceb947,0,124,1,42.0,13.0,26.0,1,1,124,0.0
35649,c9e1440b,0,40,5,8.0,2.0,3.0,5,0,40,0.0
35702,ca1bd2d9,1,13,2,3.0,1.0,1.0,1,1,24,0.0
35706,ca24dc30,0,14,20,5.0,2.0,3.0,20,9,14,1.0
35742,ca6641dc,0,153,135,38.0,10.0,24.0,135,5,153,1.0
35824,caebd81f,0,88,8,62.0,4.0,16.0,8,8,88,0.0
35845,cb0e1f46,0,147,42,54.0,14.0,34.0,42,2,147,1.0
35899,cb549a59,0,12,2,3.0,1.0,1.0,2,2,12,1.0
35918,cb707309,0,99,110,68.0,10.0,34.0,110,0,99,1.0
35936,cb85b8eb,0,4,6,1.0,1.0,1.0,6,6,4,0.0
35963,cba8fb47,0,54,28,17.0,9.0,14.0,28,8,54,1.0
35964,cbadfe11,0,69,36,41.0,3.0,18.0,36,29,69,1.0
35968,cbbbc0ac,0,31,16,12.0,5.0,7.0,16,1,31,0.0
36012,cbf72733,0,13,15,6.0,1.0,3.0,15,15,13,0.0
36024,cc07e754,0,287,126,228.0,35.0,113.0,126,1,287,1.0
36028,cc10d938,0,52,55,19.0,12.0,18.0,55,23,52,1.0
36039,cc21e731,0,15,7,4.0,3.0,3.0,7,7,15,0.0
36050,cc2e8c05,1,49,8,43.0,6.0,25.0,8,5,83,0.0
36084,cc59ab30,2,202,52,39.0,19.0,29.0,42,12,358,1.0
36101,cc699ec2,0,84,20,31.0,14.0,22.0,20,3,84,0.0
36126,cca04441,0,42,1,10.0,5.0,7.0,1,1,42,1.0
36131,cca96282,0,81,96,22.0,6.0,10.0,96,14,81,1.0
36176,cce20daa,0,160,20,111.0,16.0,61.0,20,10,160,0.0
36214,cd1fe208,0,28,12,22.0,3.0,6.0,12,0,28,1.0
36227,cd31fd96,0,4,13,1.0,1.0,1.0,13,13,4,0.0
36230,cd393c0c,0,19,116,4.0,1.0,4.0,116,103,19,1.0
36243,cd4aae14,3,1,14,0.0,0.0,0.0,1,1,211,1.0
36252,cd5c3faf,0,6,139,1.0,1.0,1.0,139,38,6,0.0
36269,cd77d56f,0,190,14,30.0,11.0,20.0,14,1,190,1.0
36273,cd7c8073,0,9,37,5.0,1.0,4.0,37,37,9,1.0
36292,cd91b8db,0,31,104,6.0,4.0,4.0,104,88,31,1.0
36308,cda36501,1,2,8,0.0,0.0,0.0,0,0,30,0.0
36321,cdbd7c3f,0,4,79,0.0,0.0,0.0,79,79,4,1.0
36360,cdfe9db1,0,14,0,8.0,2.0,4.0,0,0,14,1.0
36369,ce063834,0,10,27,5.0,1.0,4.0,27,27,10,1.0
36389,ce1e7a08,0,412,41,381.0,41.0,213.0,41,24,412,1.0
36403,ce30b977,0,362,66,267.0,52.0,155.0,66,4,362,1.0
36407,ce381f32,0,92,20,32.0,9.0,12.0,20,0,92,0.0
36408,ce386a8b,0,10,3,5.0,3.0,4.0,3,3,10,1.0
36415,ce40746d,0,6,11,2.0,1.0,1.0,11,11,6,0.0
36418,ce47c38d,0,83,109,22.0,10.0,13.0,109,10,83,0.0
36429,ce5aa06d,0,135,9,108.0,12.0,58.0,9,1,135,1.0
36464,ce90a8ea,0,139,31,50.0,5.0,22.0,31,1,139,0.0
36499,ced3c0ca,0,64,9,22.0,7.0,20.0,9,8,64,0.0
36514,cefa8497,0,13,12,3.0,2.0,3.0,12,12,13,0.0
36518,cf0231f4,0,65,9,52.0,19.0,39.0,9,9,65,1.0
36543,cf216692,0,18,13,7.0,3.0,5.0,13,13,18,0.0
36591,cf603406,0,146,10,109.0,16.0,55.0,10,1,146,0.0
36593,cf616a57,0,15,15,2.0,1.0,2.0,15,2,15,0.0
36600,cf663aa9,0,22,8,14.0,4.0,12.0,8,8,22,0.0
36669,cfb440b4,0,24,7,6.0,2.0,4.0,7,7,24,0.0
36685,cfcccc8e,0,27,28,11.0,3.0,5.0,28,18,27,1.0
36687,cfce6bdf,0,10,12,3.0,3.0,3.0,12,12,10,0.0
36710,cfeacf63,0,58,3,46.0,4.0,31.0,3,1,58,0.0
36754,d02535be,0,86,6,37.0,5.0,16.0,6,1,86,1.0
36786,d0528209,0,12,3,3.0,2.0,2.0,3,0,12,0.0
36825,d08d505e,0,432,27,308.0,37.0,131.0,27,0,432,1.0
36876,d0d3af1e,0,7,0,2.0,2.0,2.0,0,0,7,1.0
36891,d0eb70f6,0,29,7,14.0,3.0,11.0,7,1,29,0.0
36899,d0fd2b17,0,6,16,3.0,1.0,2.0,16,16,6,0.0
36904,d10176b8,0,4,3,1.0,1.0,1.0,3,3,4,0.0
36911,d10826a4,3,4,58,1.0,1.0,1.0,2,2,356,1.0
36954,d1320839,0,71,61,26.0,8.0,15.0,61,19,71,1.0
36957,d132afeb,2,5,125,0.0,0.0,0.0,6,6,53,0.0
36962,d13cf71e,0,2,28,0.0,0.0,0.0,28,28,2,0.0
36975,d14b97f6,1,18,29,1.0,1.0,1.0,29,21,61,1.0
37041,d1883adc,0,49,68,24.0,2.0,12.0,68,2,49,1.0
37059,d19f03b8,0,32,69,6.0,3.0,4.0,69,66,32,1.0
37188,d2465804,0,124,20,65.0,7.0,19.0,20,0,124,1.0
37216,d2646614,0,202,65,72.0,12.0,44.0,65,7,202,1.0
37226,d26fd770,0,53,133,30.0,4.0,18.0,133,2,53,0.0
37241,d28abdf0,0,20,11,9.0,1.0,5.0,11,11,20,0.0
37291,d2dbe0a4,0,36,9,22.0,6.0,13.0,9,0,36,1.0
37301,d2e7b5fc,0,22,44,10.0,2.0,8.0,44,1,22,0.0
37316,d2fc297d,0,5,15,2.0,1.0,2.0,15,15,5,0.0
37364,d34e4f51,0,416,57,280.0,17.0,128.0,57,0,416,1.0
37400,d380e81f,0,9,8,6.0,1.0,3.0,8,8,9,0.0
37420,d39b1961,0,14,12,6.0,3.0,3.0,12,10,14,1.0
37424,d3a2e324,0,30,128,21.0,13.0,15.0,128,2,30,0.0
37429,d3a7eaaf,0,3,1,1.0,1.0,1.0,1,1,3,1.0
37457,d3c782df,0,32,141,9.0,6.0,6.0,141,7,32,0.0
37470,d3db9a49,0,49,120,43.0,7.0,25.0,120,10,49,1.0
37483,d3eb95ae,0,69,112,12.0,8.0,9.0,112,51,69,1.0
37512,d41bdb1a,2,4,149,1.0,1.0,1.0,9,9,221,0.0
37530,d4335b98,0,11,1,0.0,0.0,0.0,1,1,11,1.0
37532,d43490bb,0,4,13,1.0,1.0,1.0,13,13,4,0.0
37534,d4370ca7,1,20,22,17.0,2.0,10.0,1,0,46,1.0
37550,d44923a0,0,10,19,4.0,1.0,4.0,19,19,10,1.0
37553,d44b69c9,0,20,5,7.0,3.0,6.0,5,2,20,0.0
37561,d453a08b,0,91,7,62.0,21.0,37.0,7,3,91,1.0
37593,d4725a9d,0,12,8,5.0,4.0,4.0,8,8,12,0.0
37624,d4c45ac3,0,10,9,4.0,1.0,2.0,9,9,10,0.0
37658,d4f0dd78,0,5,9,1.0,1.0,1.0,9,9,5,1.0
37681,d51220a3,0,17,79,6.0,4.0,6.0,79,66,17,1.0
37710,d53f2f7e,0,11,3,3.0,1.0,3.0,3,3,11,0.0
37730,d55f97f3,0,4,12,1.0,1.0,1.0,12,12,4,0.0
37733,d5607b36,0,4,58,0.0,0.0,0.0,58,58,4,1.0
37737,d562b322,0,29,1,7.0,5.0,5.0,1,0,29,1.0
37841,d6150b5d,0,42,1,30.0,6.0,16.0,1,1,42,0.0
37848,d61f25bc,0,116,68,34.0,11.0,20.0,68,1,116,0.0
37852,d6278380,0,48,88,17.0,4.0,14.0,88,56,48,1.0
37856,d62a8f55,0,15,120,7.0,2.0,5.0,120,58,15,1.0
37866,d635400f,0,51,61,17.0,3.0,11.0,61,1,51,0.0
37896,d661e838,1,6,15,1.0,1.0,1.0,15,15,36,0.0
37899,d662c05d,0,13,5,8.0,4.0,7.0,5,5,13,1.0
37910,d66e8612,0,8,11,4.0,1.0,2.0,11,11,8,0.0
37976,d6ccfb78,0,28,0,18.0,2.0,7.0,0,0,28,1.0
37988,d6da4843,0,4,8,1.0,1.0,1.0,8,8,4,1.0
37990,d6db0770,1,451,104,318.0,30.0,135.0,72,3,859,1.0
37991,d6dcbc74,0,11,15,2.0,1.0,1.0,15,15,11,0.0
38007,d6f89585,1,1,77,0.0,0.0,0.0,77,77,17,1.0
38050,d73030a1,0,74,12,15.0,8.0,12.0,12,11,74,1.0
38089,d76a02a8,1,30,123,15.0,4.0,8.0,9,2,193,0.0
38100,d77688e1,0,46,130,20.0,4.0,11.0,130,1,46,0.0
38116,d78a5b57,2,18,12,4.0,1.0,2.0,0,0,48,1.0
38153,d7c3a489,0,122,16,88.0,39.0,44.0,16,15,122,1.0
38171,d7e383ea,0,53,16,26.0,5.0,19.0,16,13,53,0.0
38188,d8001b23,0,178,149,84.0,9.0,49.0,149,6,178,1.0
38202,d811b534,1,228,117,52.0,7.0,21.0,71,4,388,1.0
38204,d81248f4,0,11,12,7.0,1.0,4.0,12,2,11,1.0
38239,d84c1749,0,33,12,17.0,2.0,8.0,12,6,34,0.0
38254,d86a6c46,0,80,59,32.0,11.0,24.0,59,0,80,0.0
38327,d8ceaf09,0,22,22,5.0,1.0,2.0,22,3,22,1.0
38340,d8dafc3b,0,4,0,1.0,1.0,1.0,0,0,4,0.0
38358,d8fa7106,0,66,3,44.0,5.0,21.0,3,1,66,1.0
38435,d961333d,0,8,9,1.0,1.0,1.0,9,9,8,0.0
38474,d97f1175,0,24,18,16.0,4.0,11.0,18,14,24,0.0
38478,d9834290,0,22,115,6.0,4.0,4.0,115,59,22,1.0
38501,d9afc489,0,13,3,5.0,1.0,4.0,3,3,13,0.0
38502,d9b01ddb,0,67,54,31.0,6.0,16.0,54,24,67,0.0
38509,d9c4960c,0,48,52,33.0,18.0,25.0,52,1,48,0.0
38568,da21172c,2,17,80,5.0,4.0,4.0,3,0,169,1.0
38569,da212ab3,0,45,6,11.0,4.0,6.0,6,6,45,0.0
38638,da968098,0,7,4,4.0,1.0,3.0,4,4,7,0.0
38646,daa04243,0,32,30,7.0,3.0,6.0,30,3,32,1.0
38654,daac08c2,0,152,146,87.0,14.0,38.0,146,2,152,1.0
38680,dac74d52,0,10,30,7.0,2.0,6.0,30,30,10,1.0
38730,db127b75,0,168,133,100.0,14.0,46.0,133,73,168,1.0
38739,db2a631d,0,16,9,8.0,3.0,7.0,9,1,16,1.0
38743,db2c4d27,1,450,111,81.0,7.0,28.0,70,29,564,1.0
38749,db3c22cc,0,23,2,13.0,5.0,11.0,2,2,23,0.0
38804,db982e9a,0,17,13,5.0,2.0,3.0,13,13,17,0.0
38806,db9cbf56,0,64,9,43.0,10.0,27.0,9,5,64,1.0
38828,dbc1b6a4,0,8,75,4.0,4.0,4.0,75,75,8,0.0
38829,dbc206a9,0,7,4,3.0,1.0,2.0,4,4,7,0.0
38865,dbfd4ec1,0,109,2,73.0,33.0,47.0,2,0,109,0.0
38879,dc0d288f,0,4,5,1.0,1.0,1.0,5,5,4,0.0
38886,dc1aecbf,0,12,7,4.0,3.0,3.0,7,0,12,1.0
38889,dc23f69b,0,66,20,38.0,5.0,23.0,20,14,66,1.0
38935,dc5ebb9d,1,46,39,28.0,9.0,19.0,7,5,91,1.0
38941,dc6a0397,0,38,10,25.0,3.0,14.0,10,10,38,0.0
38950,dc7b2918,0,48,9,13.0,5.0,7.0,9,0,48,0.0
38961,dc90d765,0,67,3,58.0,10.0,37.0,3,0,67,1.0
38964,dc9a4a21,0,3,2,1.0,1.0,1.0,2,2,3,1.0
38996,dcd06e12,0,29,0,14.0,3.0,8.0,0,0,29,0.0
39002,dcdad2cf,0,176,7,106.0,17.0,41.0,7,1,176,1.0
39015,dcf4e626,0,29,16,22.0,3.0,10.0,16,16,29,0.0
39079,dd4b269a,0,6,17,1.0,1.0,1.0,17,17,6,0.0
39087,dd561eb9,0,420,7,267.0,46.0,133.0,7,0,420,1.0
39128,dd8e0ec4,0,98,58,29.0,7.0,14.0,58,4,98,1.0
39142,dd9e5bce,0,180,96,47.0,17.0,26.0,96,16,180,1.0
39156,ddb52682,0,23,50,6.0,2.0,4.0,50,15,23,1.0
39171,ddc538e7,0,51,110,11.0,8.0,11.0,110,3,51,1.0
39178,ddc85d53,0,22,6,9.0,3.0,7.0,6,0,22,0.0
39189,ddcfa7a5,0,32,16,3.0,1.0,2.0,16,16,32,0.0
39255,de3bb208,0,163,44,61.0,14.0,31.0,44,9,163,1.0
39257,de41fa13,1,5,5,1.0,1.0,1.0,5,2,14,1.0
39272,de5439e4,1,199,36,87.0,22.0,40.0,36,1,207,1.0
39334,dea1f03c,0,9,3,2.0,1.0,1.0,3,3,9,0.0
39341,deaafef0,0,72,30,49.0,14.0,41.0,30,16,72,1.0
39378,dec8c57f,0,712,68,609.0,20.0,151.0,68,8,712,1.0
39415,defd7911,0,36,16,16.0,3.0,5.0,16,12,36,0.0
39435,df151fff,0,11,2,8.0,1.0,5.0,2,2,11,1.0
39443,df17c8fc,1,0,43,0.0,0.0,0.0,0,0,165,1.0
39459,df2977cc,0,27,7,13.0,2.0,10.0,7,7,27,0.0
39468,df2ed884,0,36,18,25.0,4.0,12.0,18,18,36,1.0
39492,df6563ba,0,15,40,1.0,1.0,1.0,40,9,15,1.0
39540,dfab9571,0,3,3,0.0,0.0,0.0,3,3,3,0.0
39549,dfbc1112,0,61,113,15.0,3.0,10.0,113,8,61,0.0
39558,dfc781a3,0,33,14,2.0,2.0,2.0,14,7,33,1.0
39565,dfd4cbc0,0,60,3,24.0,8.0,17.0,3,3,60,1.0
39574,dfe7c58a,0,153,5,127.0,3.0,21.0,5,0,153,1.0
39575,dfe7d789,0,7,1,2.0,2.0,2.0,1,1,7,0.0
39577,dfeda4a0,0,30,5,13.0,2.0,8.0,5,4,30,0.0
39578,dfee630e,0,28,62,4.0,2.0,3.0,62,1,28,1.0
39590,e00b4505,1,7,18,3.0,2.0,3.0,8,6,43,0.0
39634,e059093d,0,4,0,1.0,1.0,1.0,0,0,4,0.0
39742,e0ea4073,0,14,2,10.0,1.0,3.0,2,2,14,0.0
39765,e109f0a4,0,117,41,47.0,26.0,34.0,41,0,117,1.0
39836,e1566003,5,1,9,0.0,0.0,0.0,2,2,200,0.0
39843,e165a982,0,7,86,1.0,1.0,1.0,86,86,7,1.0
39876,e17f53c3,0,4,8,1.0,1.0,1.0,8,8,4,0.0
39917,e1b95f22,0,5,2,2.0,1.0,2.0,2,2,5,0.0
39983,e21b284a,0,2,10,0.0,0.0,0.0,10,10,2,0.0
39990,e21efac9,0,16,14,3.0,2.0,2.0,14,14,16,1.0
40013,e2324958,0,25,11,14.0,1.0,8.0,11,11,25,0.0
40018,e238932e,2,65,138,52.0,11.0,28.0,10,7,165,1.0
40057,e261a72d,0,6,13,4.0,1.0,2.0,13,13,6,1.0
40129,e2c4dc4f,0,18,1,13.0,1.0,5.0,1,1,18,0.0
40132,e2c8e1c1,0,19,1,8.0,2.0,8.0,1,1,19,1.0
40168,e2f3512b,0,14,112,8.0,3.0,7.0,112,112,14,1.0
40182,e30d4b75,0,3,1,0.0,0.0,0.0,1,1,3,0.0
40190,e31e7572,0,11,2,5.0,1.0,5.0,2,0,11,0.0
40209,e33c9297,0,18,13,7.0,2.0,5.0,13,13,18,0.0
40247,e3625a07,0,138,24,62.0,6.0,35.0,24,2,138,1.0
40269,e37da703,0,9,2,1.0,1.0,1.0,2,2,9,1.0
40270,e37f92f7,0,15,27,4.0,3.0,4.0,27,27,15,1.0
40317,e3d20ee5,0,43,52,7.0,5.0,5.0,52,1,43,0.0
40318,e3d63389,0,15,75,2.0,2.0,2.0,75,0,15,1.0
40330,e3e3dee2,0,6,12,3.0,3.0,3.0,12,12,6,0.0
40340,e3ecea08,0,67,6,49.0,4.0,27.0,6,2,67,0.0
40355,e40328ad,0,31,15,21.0,5.0,12.0,15,8,31,1.0
40368,e40e146d,0,131,82,76.0,11.0,51.0,82,1,131,1.0
40376,e41e2993,0,13,1,8.0,4.0,7.0,1,1,13,1.0
40403,e444a0d0,0,16,62,3.0,2.0,2.0,62,61,16,1.0
40430,e468d93f,0,16,10,11.0,2.0,5.0,10,6,16,1.0
40434,e46e646b,1,30,57,23.0,9.0,17.0,56,56,51,1.0
40472,e4b02ea2,0,26,31,20.0,2.0,11.0,31,7,26,1.0
40487,e4bf705e,0,10,54,4.0,2.0,2.0,54,42,10,1.0
40527,e500fef7,0,41,2,34.0,3.0,18.0,2,2,41,0.0
40534,e510f9d4,0,14,16,3.0,3.0,3.0,16,15,14,0.0
40583,e55f7d70,13,179,44,64.0,14.0,31.0,15,0,1055,1.0
40584,e55ffbac,0,21,0,4.0,3.0,3.0,0,0,22,1.0
40603,e5824d72,0,327,133,181.0,34.0,97.0,133,2,327,0.0
40630,e5a8b4ba,0,20,10,11.0,4.0,9.0,10,10,20,1.0
40667,e5dff1ce,0,4,0,0.0,0.0,0.0,0,0,4,1.0
40672,e5e76889,0,28,38,8.0,2.0,8.0,38,13,28,0.0
40726,e630d1d0,0,27,41,8.0,1.0,3.0,41,7,27,0.0
40745,e657a736,0,3,13,0.0,0.0,0.0,13,13,3,0.0
40795,e69393d9,1,58,9,17.0,7.0,14.0,9,3,83,1.0
40819,e6ac0cfa,0,21,4,14.0,2.0,7.0,4,4,21,0.0
40846,e6c8c700,0,24,0,15.0,2.0,11.0,0,0,24,0.0
40855,e6d5ab1e,0,8,3,2.0,1.0,2.0,3,3,8,1.0
40858,e6ddbbd2,0,102,87,84.0,11.0,47.0,87,0,102,1.0
40873,e6f87683,0,2,3,0.0,0.0,0.0,3,3,2,0.0
40879,e6fed632,0,14,122,4.0,2.0,3.0,122,15,14,0.0
40937,e74ed7d5,0,47,26,10.0,3.0,7.0,26,12,47,1.0
40945,e75a5a64,0,72,21,32.0,11.0,28.0,21,0,72,1.0
40955,e76999ca,0,21,14,6.0,4.0,4.0,14,14,21,0.0
40963,e7753162,0,73,135,33.0,4.0,19.0,135,15,73,1.0
40985,e78e8eca,0,67,40,51.0,18.0,37.0,40,12,67,1.0
41018,e7d36ce5,0,24,10,10.0,4.0,6.0,10,0,24,0.0
41051,e7f34b6d,6,1,14,0.0,0.0,0.0,8,8,36,0.0
41068,e801aed1,0,11,6,5.0,1.0,3.0,6,5,11,1.0
41193,e8b1aada,0,45,13,33.0,7.0,18.0,13,2,45,0.0
41209,e8cafc19,0,16,15,6.0,2.0,6.0,15,15,16,0.0
41263,e918f6bc,0,121,56,63.0,12.0,46.0,56,2,121,1.0
41273,e92aee27,1,11,34,4.0,4.0,4.0,28,16,94,0.0
41282,e9391970,0,15,16,3.0,2.0,2.0,16,9,15,0.0
41344,e9903376,0,117,45,45.0,10.0,30.0,45,10,117,1.0
41348,e9938ec7,0,173,52,148.0,19.0,69.0,52,2,173,1.0
41351,e99c2b47,0,14,13,6.0,2.0,6.0,13,10,14,0.0
41362,e9a1795b,2,81,21,61.0,13.0,44.0,20,17,83,1.0
41365,e9a921bb,0,27,33,11.0,6.0,10.0,33,2,27,1.0
41367,e9af34e0,0,70,2,13.0,6.0,7.0,2,0,70,1.0
41378,e9c33841,0,81,56,25.0,4.0,14.0,56,44,81,0.0
41410,e9e8bce7,0,10,90,1.0,1.0,1.0,90,90,10,1.0
41426,e9ffa493,1,74,77,36.0,4.0,24.0,25,0,230,1.0
41441,ea196d31,0,20,14,13.0,2.0,10.0,14,13,20,0.0
41506,ea80959f,0,64,52,28.0,6.0,17.0,52,7,64,0.0
41513,ea90934a,0,25,3,13.0,5.0,10.0,3,3,25,0.0
41534,eab407a5,0,22,19,6.0,3.0,3.0,19,1,22,0.0
41547,eac0753b,0,10,35,1.0,1.0,1.0,35,0,10,1.0
41553,eac91463,0,22,44,3.0,2.0,3.0,44,16,22,1.0
41558,ead49284,0,86,22,38.0,5.0,19.0,22,14,86,0.0
41589,eaf0f724,11,49,120,1.0,1.0,1.0,96,66,290,1.0
41594,eaf76dc3,0,20,28,4.0,4.0,4.0,28,6,20,1.0
41599,eb00e14b,1,1,0,0.0,0.0,0.0,0,0,24,0.0
41798,ec2772e0,0,94,4,51.0,13.0,31.0,4,0,94,1.0
41806,ec36355a,0,9,7,1.0,1.0,1.0,7,7,9,1.0
41815,ec43fd6e,0,22,36,12.0,2.0,4.0,36,7,22,0.0
41826,ec4fb2fe,0,28,9,10.0,5.0,6.0,9,7,28,0.0
41845,ec68d65a,0,15,15,7.0,4.0,7.0,15,15,15,0.0
41858,ec8daa90,0,114,9,81.0,5.0,27.0,9,1,114,0.0
41876,eca56b01,0,104,69,89.0,14.0,40.0,69,13,104,0.0
41932,ecd7628c,0,25,99,2.0,2.0,2.0,99,50,25,1.0
41933,ecd79d0a,0,788,82,678.0,21.0,193.0,82,1,788,1.0
41960,ed0e3fdc,0,87,59,34.0,6.0,19.0,59,10,87,0.0
41970,ed1b397e,0,12,13,5.0,1.0,3.0,13,13,12,0.0
41989,ed35626b,1,36,31,11.0,2.0,9.0,31,2,37,0.0
42003,ed408038,3,1,0,0.0,0.0,0.0,0,0,30,1.0
42012,ed4ac974,0,11,1,4.0,1.0,4.0,1,1,11,1.0
42014,ed4e1de0,0,91,8,65.0,18.0,43.0,8,1,91,0.0
42071,edbf802f,0,78,78,24.0,4.0,5.0,78,11,78,1.0
42127,ee11eb83,0,126,121,76.0,32.0,58.0,121,3,126,1.0
42133,ee1ba038,0,5,2,3.0,1.0,2.0,2,2,5,1.0
42163,ee424f35,0,321,84,97.0,6.0,45.0,84,3,321,0.0
42175,ee528bdb,0,9,7,4.0,2.0,4.0,7,7,9,0.0
42178,ee541ce4,0,127,43,35.0,19.0,31.0,43,0,127,1.0
42201,ee697986,0,16,5,10.0,2.0,9.0,5,5,16,0.0
42215,ee77e6a4,0,26,7,9.0,1.0,5.0,7,3,26,0.0
42238,ee9df527,0,8,2,5.0,1.0,4.0,2,2,9,0.0
42239,ee9e909e,0,23,2,16.0,4.0,9.0,2,1,23,1.0
42245,eea616b1,0,5,4,1.0,1.0,1.0,4,4,5,1.0
42272,eece23f4,0,8,0,5.0,1.0,3.0,0,0,8,0.0
42321,ef25de62,2,15,29,9.0,2.0,6.0,3,3,101,1.0
42333,ef37fae9,0,50,12,13.0,6.0,10.0,12,0,50,1.0
42348,ef4c23c5,0,7,51,5.0,1.0,4.0,51,51,7,0.0
42351,ef4d76c5,0,208,84,153.0,20.0,75.0,84,1,208,1.0
42400,ef90686a,0,25,74,9.0,7.0,7.0,74,55,25,1.0
42403,ef93d546,0,15,12,4.0,3.0,3.0,12,4,15,0.0
42446,efdc70ea,0,94,75,70.0,8.0,39.0,75,14,94,1.0
42450,efdfb24e,1,18,12,4.0,3.0,3.0,12,0,25,1.0
42456,efead042,0,25,14,11.0,4.0,8.0,14,1,25,0.0
42500,f02ea1bc,0,74,16,31.0,14.0,21.0,16,1,74,0.0
42510,f03c379a,0,131,20,98.0,6.0,39.0,20,0,131,1.0
42579,f09d45c4,0,43,147,14.0,7.0,11.0,147,51,44,1.0
42609,f0bb162d,0,142,3,114.0,23.0,85.0,3,0,142,0.0
42632,f0e6ee89,0,8,7,0.0,0.0,0.0,7,3,8,1.0
42698,f16503b1,0,61,2,27.0,4.0,12.0,2,2,61,0.0
42713,f1787255,0,10,4,3.0,1.0,1.0,4,4,10,0.0
42718,f17af926,0,38,2,7.0,1.0,4.0,2,1,38,0.0
42741,f1964e8e,0,9,2,3.0,2.0,2.0,2,1,9,1.0
42780,f1cc0168,1,14,3,1.0,1.0,1.0,3,1,19,1.0
42785,f1d44f94,0,16,65,6.0,2.0,3.0,65,63,16,0.0
42808,f1ed016e,0,36,22,8.0,3.0,5.0,22,0,36,0.0
42820,f1f7d11d,1,20,16,3.0,2.0,2.0,12,1,127,1.0
42849,f21ccfb1,0,6,2,1.0,1.0,1.0,2,2,6,0.0
42858,f22cdfbf,0,11,3,5.0,1.0,2.0,3,3,11,0.0
42870,f2408126,0,991,132,913.0,50.0,290.0,132,0,991,1.0
42907,f263345c,0,4,14,1.0,1.0,1.0,14,14,4,0.0
42980,f2e3b743,0,16,19,12.0,1.0,6.0,19,19,16,1.0
43004,f3160438,0,54,55,46.0,2.0,23.0,55,21,54,1.0
43072,f370581c,0,57,9,28.0,10.0,19.0,9,1,57,0.0
43103,f39987b9,0,60,3,26.0,16.0,18.0,3,1,60,0.0
43128,f3c1a577,0,4,8,1.0,1.0,1.0,8,8,4,0.0
43129,f3c20d0b,0,16,16,5.0,1.0,4.0,16,16,16,1.0
43135,f3c6e808,0,23,9,5.0,2.0,5.0,9,5,23,1.0
43156,f3ee479b,0,7,10,3.0,1.0,2.0,10,10,7,0.0
43178,f402d745,1,6,0,3.0,1.0,3.0,0,0,18,1.0
43194,f4118d33,2,48,69,36.0,8.0,26.0,2,0,484,1.0
43213,f421150f,0,73,14,23.0,3.0,14.0,14,0,73,0.0
43219,f426ff31,1,120,132,19.0,5.0,15.0,132,2,168,0.0
43226,f42af744,0,18,16,7.0,1.0,6.0,16,5,18,0.0
43295,f47d4cac,1,59,30,3.0,2.0,3.0,30,2,103,1.0
43307,f4924234,0,33,9,20.0,11.0,14.0,9,6,33,0.0
43315,f499cd96,1,22,16,11.0,3.0,7.0,16,13,82,0.0
43342,f4caaefb,0,137,142,95.0,17.0,54.0,142,21,137,0.0
43371,f4f7db34,0,460,65,159.0,33.0,68.0,65,6,460,1.0
43385,f5071f5d,0,7,3,3.0,1.0,2.0,3,3,7,0.0
43414,f530be96,0,48,40,20.0,16.0,17.0,40,6,48,1.0
43416,f5346284,0,10,21,3.0,3.0,3.0,21,2,10,0.0
43417,f5355581,0,23,3,17.0,3.0,9.0,3,3,23,0.0
43452,f56b5acb,0,59,5,47.0,21.0,36.0,5,4,59,0.0
43453,f56bd5d2,0,44,8,8.0,1.0,2.0,8,1,44,1.0
43495,f5b8c269,0,26,11,17.0,12.0,15.0,11,0,26,0.0
43500,f5bb1374,0,6,3,2.0,1.0,1.0,3,3,6,0.0
43527,f5d6264f,0,20,46,5.0,4.0,5.0,46,15,20,0.0
43578,f633845c,0,4,12,1.0,1.0,1.0,12,12,4,0.0
43591,f6465fb0,0,113,71,71.0,3.0,13.0,71,34,113,1.0
43609,f654fd9d,0,10,10,4.0,2.0,3.0,10,10,10,1.0
43620,f665348a,1,28,5,6.0,2.0,5.0,5,2,29,1.0
43663,f6afae46,0,7,1,3.0,3.0,3.0,1,1,7,1.0
43669,f6b8d998,0,12,0,4.0,2.0,4.0,0,0,12,0.0
43732,f6fa3bb0,0,9,0,4.0,1.0,4.0,0,0,9,0.0
43733,f6fb48d8,0,239,23,127.0,15.0,43.0,23,0,239,1.0
43780,f73fe343,0,85,54,18.0,2.0,7.0,54,1,85,0.0
43832,f78cef71,0,23,6,10.0,3.0,9.0,6,6,23,1.0
43847,f79b4193,0,8,15,3.0,1.0,2.0,15,15,8,0.0
43876,f7c85cc3,0,13,0,10.0,1.0,7.0,0,0,13,0.0
43897,f7e24b08,0,25,79,9.0,3.0,4.0,79,17,25,1.0
43905,f7eac665,0,24,18,8.0,2.0,5.0,18,5,24,1.0
43916,f7fc501b,0,6,3,2.0,1.0,1.0,3,3,6,0.0
43918,f7fdbbf4,0,77,85,22.0,2.0,13.0,85,2,77,1.0
43922,f8006cf5,0,5,63,0.0,0.0,0.0,63,63,5,0.0
43934,f80b835d,2,469,93,218.0,38.0,127.0,64,21,532,0.0
43961,f8413824,0,14,13,11.0,4.0,8.0,13,13,14,0.0
43974,f853109d,2,45,19,15.0,1.0,7.0,19,0,57,1.0
43992,f8664565,0,156,60,41.0,13.0,19.0,60,0,156,0.0
43993,f8668658,0,38,9,8.0,3.0,3.0,9,8,38,0.0
44045,f8c50780,0,89,21,67.0,11.0,43.0,21,10,89,0.0
44063,f8e2ff64,0,88,28,46.0,15.0,28.0,28,8,88,0.0
44111,f937cc56,1,4,122,0.0,0.0,0.0,16,15,216,1.0
44139,f9555569,0,4,10,1.0,1.0,1.0,10,10,4,0.0
44200,f9b28f35,0,50,2,41.0,4.0,20.0,2,2,50,0.0
44270,fa352157,0,50,12,34.0,9.0,27.0,12,1,50,0.0
44293,fa6682fd,0,55,86,18.0,4.0,12.0,86,1,55,1.0
44305,fa73fa60,0,11,9,4.0,3.0,3.0,9,9,11,0.0
44308,fa7627cb,1,111,136,52.0,28.0,41.0,136,2,121,1.0
44333,fa945c34,1,7,1,0.0,0.0,0.0,1,0,12,0.0
44347,fab234eb,0,45,0,7.0,3.0,4.0,0,0,45,1.0
44407,fb00f295,2,4,5,0.0,0.0,0.0,1,1,95,1.0
44419,fb139bf5,0,77,34,45.0,9.0,34.0,34,12,77,0.0
44432,fb23398e,0,142,19,45.0,20.0,29.0,19,5,142,0.0
44434,fb2abf7e,0,9,18,2.0,2.0,2.0,18,18,9,0.0
44456,fb518e55,0,6,10,1.0,1.0,1.0,10,9,6,0.0
44465,fb589f12,2,1,2,0.0,0.0,0.0,1,1,7,1.0
44477,fb6346bc,0,16,6,8.0,1.0,3.0,6,0,16,1.0
44478,fb64ce0c,0,18,51,9.0,3.0,8.0,51,31,18,1.0
44500,fb7caf5d,0,7,6,2.0,1.0,1.0,6,6,7,0.0
44502,fb7d58aa,0,17,3,6.0,3.0,3.0,3,3,17,0.0
44524,fb9c9930,0,48,9,22.0,2.0,8.0,9,1,48,1.0
44546,fbbdc869,0,33,17,10.0,6.0,7.0,17,16,33,0.0
44596,fc0ed41a,0,123,68,64.0,29.0,40.0,68,9,123,1.0
44600,fc163c0f,0,72,79,48.0,5.0,9.0,79,3,72,1.0
44607,fc278339,1,307,58,85.0,32.0,54.0,56,4,408,1.0
44611,fc2d8cab,0,7,3,3.0,1.0,2.0,3,3,7,0.0
44621,fc371f7d,0,57,14,45.0,3.0,23.0,14,14,57,0.0
44637,fc4c906c,0,13,12,2.0,1.0,1.0,12,12,13,0.0
44645,fc5662b5,1,54,42,15.0,4.0,9.0,19,5,140,1.0
44674,fc898a3a,0,159,24,127.0,10.0,35.0,24,1,159,0.0
44680,fc91ec98,0,1,13,0.0,0.0,0.0,13,13,1,0.0
44710,fcb59c04,0,206,40,191.0,43.0,135.0,40,4,206,0.0
44720,fcbeecd0,0,130,105,78.0,8.0,32.0,105,84,130,0.0
44739,fcdb0b35,0,72,3,46.0,6.0,27.0,3,0,72,1.0
44750,fce63e6f,0,33,32,14.0,3.0,6.0,32,32,33,1.0
44757,fced488f,0,14,56,6.0,6.0,6.0,56,56,14,1.0
44777,fd0721f7,0,12,10,6.0,4.0,5.0,10,1,12,1.0
44786,fd182e43,0,27,10,20.0,1.0,6.0,10,9,27,0.0
44790,fd235df9,0,7,2,3.0,3.0,3.0,2,2,7,0.0
44803,fd3eb7a4,0,11,14,3.0,1.0,1.0,14,14,11,0.0
44806,fd47e122,0,5,16,1.0,1.0,1.0,16,16,5,0.0
44831,fd640a51,1,22,4,5.0,3.0,5.0,4,1,89,0.0
44838,fd706346,0,400,50,177.0,26.0,72.0,50,0,400,0.0
44859,fd8bc27c,0,12,14,4.0,1.0,1.0,14,14,12,0.0
44897,fdb6adc0,0,3,9,0.0,0.0,0.0,9,9,3,0.0
44930,fdea1161,0,30,71,13.0,7.0,12.0,71,46,30,1.0
44946,fe02986e,0,40,27,9.0,3.0,5.0,27,1,40,1.0
44950,fe0952f5,0,13,0,4.0,1.0,3.0,0,0,13,0.0
44959,fe1412a4,0,40,50,12.0,4.0,9.0,50,1,40,0.0
45001,fe584909,0,90,34,38.0,10.0,22.0,34,2,90,0.0
45020,fe7bca52,0,41,120,16.0,10.0,12.0,120,110,41,1.0
45033,fe93350e,0,22,13,17.0,4.0,16.0,13,13,22,1.0
45056,fec09451,0,4,3,1.0,1.0,1.0,3,3,4,0.0
45094,fef29f67,0,4,2,1.0,1.0,1.0,2,2,4,0.0
45104,fefb2f33,0,5,35,2.0,2.0,2.0,35,35,5,1.0
45114,ff05db81,0,6,134,1.0,1.0,1.0,134,134,6,1.0
45205,ff6b5435,0,75,8,59.0,6.0,28.0,8,1,75,0.0
45224,ff884f1a,0,109,8,89.0,10.0,43.0,8,5,109,1.0
